OBJECTID,NR_FM,BNR,ART,wb_H_M,wb_Kraft,wb_KZSTND_,wb_WR_kron,wb_Notiz,xcoord,ycoord,DBH_mm,BHD_CM,Height_m,Status,Schicht,BA_Gruppe
1,106,106,Fraxinus excelsior,37.1,1,1.5,1,Resistograf,430172.14,5893511.18,0,47.5,"37,1",,0,Es
2,113,113,Fraxinus excelsior,33.9,1,2.5,2,,430182.46,5893511.76,0,43.5,"33,9",,0,Es
3,119,119,Fraxinus excelsior,34.75,3,4,2,,430170.65,5893504.69,0,39.5,"34,75",,0,Es
4,120,120,Fraxinus excelsior,26.57,3,4,2,,430161.68,5893506.86,0,26,"26,57",,0,Es
5,122,122,Fraxinus excelsior,31.7,2,3,2,,430152.07,5893514.64,0,37.5,"31,7",,0,Es
6,124,124,Fraxinus excelsior,34.7,2,3.5,2,,430132.29,5893515.43,0,43,"34,7",,0,Es
7,125,125,Fraxinus excelsior,36.7,1,3,1,,430127.41,5893516.01,0,42.5,"36,7",,0,Es
8,126,126,Fraxinus excelsior,36.7,2,3,2,,430111.31,5893504,0,43,"36,7",,0,Es
9,128,128,Fraxinus excelsior,34.2,3,3,2,127 ist tot,430130.03,5893498.62,0,34,"34,2",,0,Es
10,129,129,Fraxinus excelsior,35.1,1,2,1,,430130.43,5893496.18,0,45,"35,1",,0,Es
11,130,130,Fraxinus excelsior,26.7,3,3,2,,430136.31,5893506.76,0,33.5,"26,7",,0,Es
12,131,131,Fraxinus excelsior,35.7,1,2,2,,430140.41,5893505.2,0,47.5,"35,7",,0,Es
13,132,132,Fraxinus excelsior,33.9,2,3,2,Frostriss,430140.51,5893500.23,0,40.5,"33,9",,0,Es
14,134,134,Fraxinus excelsior,31.5,3,4,2,,430148.26,5893498.01,0,31.5,"31,5",,0,Es
15,135,135,Fraxinus excelsior,31.7,3,3,2,Resistograf,430153.2,5893503.1,0,31.5,"31,7",,0,Es
16,136,136,Fraxinus excelsior,32.9,3,3.5,2,,430156.01,5893498.83,0,30.5,"32,9",,0,Es
17,137,137,Fraxinus excelsior,30.6,3,4,2,,430161.21,5893502.63,0,31,"30,6",,0,Es
18,138,138,Fraxinus excelsior,32.4,3,2.5,2,,430166.88,5893499.03,0,34.5,"32,4",,0,Es
19,139,139,Fraxinus excelsior,31.33,3,4,2,140 ist tot,430168.8,5893500.68,0,32,"31,33",,0,Es
20,142,142,Fraxinus excelsior,31.3,1,4,2,,430172.23,5893490.97,0,40,"31,3",,0,Es
21,143,143,Fraxinus excelsior,30.84,2,3,2,,430179.31,5893496.86,0,39,"30,84",,0,Es
22,150,150,Fraxinus excelsior,28.95,2,3,2,,430198.68,5893473.61,0,40,"28,95",,0,Es
23,151,151,Fraxinus excelsior,31.06,2,2.5,2,,430196.18,5893476.1,0,34,"31,06",,0,Es
24,152,152,Fraxinus excelsior,21.74,3,4,2,keine Nr. am Stamm,430190.78,5893472.91,0,22,"21,74",,0,Es
25,153,153,Fraxinus excelsior,33.72,1,1.5,1,R+,430185.04,5893485.94,0,41,"33,72",,0,Es
26,154,154,Fraxinus excelsior,33.7,1,2,1,,430183.9,5893477.76,0,38,"33,7",,0,Es
27,155,155,Fraxinus excelsior,31.06,2,3,2,,430174.27,5893481.99,0,40,"31,06",,0,Es
28,156,156,Fraxinus excelsior,27.67,3,3,2,,430171.73,5893485,0,30,"27,67",,0,Es
29,157,157,Fraxinus excelsior,33.13,2,4,2,R-,430169.39,5893481.68,0,36.5,"33,13",,0,Es
30,159,159,Fraxinus excelsior,31.6,2,3,2,,430151.04,5893488.94,0,37,"31,6",,0,Es
31,160,160,Fraxinus excelsior,28.6,2,3,2,,430146.23,5893488.58,0,35,"28,6",,0,Es
32,161,161,Fraxinus excelsior,34.2,1,1.5,1,,430137.93,5893485.66,0,48.5,"34,2",,0,Es
33,162,162,Fraxinus excelsior,35.5,2,2,0,,430135.55,5893486.93,0,39.5,"35,5",,0,Es
34,163,163,Fraxinus excelsior,34.9,2,3,2,,430128.26,5893488.98,0,39,"34,9",,0,Es
35,164,164,Fraxinus excelsior,30.9,3,2,1,,430128.45,5893494.08,0,30.5,"30,9",,0,Es
36,165,165,Fraxinus excelsior,38.2,1,3,2,,430110.41,5893495.94,0,60.5,"38,2",,0,Es
37,166,166,Fraxinus excelsior,37.6,2,3,2,,430114.01,5893492.19,0,51.5,"37,6",,0,Es
38,167,167,Fraxinus excelsior,33.3,2,3,1,,430111.98,5893490.56,0,36,"33,3",,0,Es
39,168,168,Fraxinus excelsior,30.1,3,4,0,,430113.06,5893489.26,0,29.5,"30,1",,0,Es
40,169,169,Fraxinus excelsior,34.9,1,1,0,,430120.1,5893492.03,0,45.5,"34,9",,0,Es
41,170,170,Fraxinus excelsior,30.8,2,3,2,,430124.42,5893488.26,0,36.5,"30,8",,0,Es
42,172,172,Fraxinus excelsior,33.44,2,2.5,2,,430161.55,5893476.03,0,39,"33,44",,0,Es
43,173,173,Fraxinus excelsior,35.21,2,3,2,,430158.13,5893474.98,0,41,"35,21",,0,Es
44,174,174,Fraxinus excelsior,37.2,1,1.5,1,,430155.52,5893469.56,0,46.5,"37,2",,0,Es
45,175,175,Fraxinus excelsior,31.33,3,3.5,2,,430157.35,5893470.12,0,31,"31,33",,0,Es
46,176,176,Fraxinus excelsior,33,1,1.5,1,R+,430166.01,5893473.12,0,38.5,33,,0,Es
47,177,177,Fraxinus excelsior,36.54,1,3,1,,430157.85,5893461.14,0,58,"36,54",,0,Es
48,183,183,Fraxinus excelsior,30.55,2,3,2,,430185.2,5893461.69,0,28,"30,55",,0,Es
49,184,184,Fraxinus excelsior,29.78,2,3,2,R-,430184.68,5893471.98,0,38,"29,78",,0,Es
50,185,185,Fraxinus excelsior,32.12,2,2.5,1,,430188.31,5893458.68,0,35.5,"32,12",,0,Es
51,186,186,Fraxinus excelsior,29.33,3,3,2,,430190.8,5893457.26,0,30,"29,33",,0,Es
52,188,188,Fraxinus excelsior,34.57,1,1.5,1,R+,430187.87,5893451.2,0,56,"34,57",,0,Es
53,189,189,Fraxinus excelsior,30.2,1,2.5,2,190 ist tot,430184.67,5893437.3,0,101,"30,2",,0,Es
54,191,191,Fraxinus excelsior,23.31,3,3,2,,430177.99,5893451.54,0,20,"23,31",,0,Es
55,198,198,Fraxinus excelsior,35.92,2,2.5,1,,430160.45,5893455.73,0,47.5,"35,92",,0,Es
56,199,199,Fraxinus excelsior,36.36,1,3,1,,430159.4,5893450.95,0,53,"36,36",,0,Es
57,200,200,Fraxinus excelsior,35.2,1,2.5,2,,430109.51,5893488.23,0,42.5,"35,2",,0,Es
58,201,201,Fraxinus excelsior,34.8,1,3.5,2,Resistograf,430106.29,5893489.72,0,50.5,"34,8",,0,Es
59,202,202,Fraxinus excelsior,34.6,2,4,2,,430104.9,5893488.79,0,48,"34,6",,0,Es
60,208,208,Fraxinus excelsior,31.2,3,3,?,,430108.86,5893464.37,0,40,"31,2",,0,Es
61,209,209,Fraxinus excelsior,35,2,3,2,,430116.69,5893463.01,0,41,35,,0,Es
62,210,210,Fraxinus excelsior,35.3,1,2.5,2,,430117.64,5893460.64,0,52.5,"35,3",,0,Es
63,211,211,Fraxinus excelsior,34.23,2,2.5,2,,430120.62,5893458.24,0,40,"34,23",,0,Es
64,216,216,Fraxinus excelsior,34,2,2,2,,430111.66,5893454.99,0,40,34,,0,Es
65,217,217,Fraxinus excelsior,32.7,2,1.5,2,,430107.62,5893459,0,39,"32,7",,0,Es
66,221,221,Fraxinus excelsior,38.3,1,1.75,0,R+,430103.84,5893453.97,0,52,"38,3",,0,Es
67,222,222,Fraxinus excelsior,27.9,4,4,1,,430102.74,5893448.2,0,25,"27,9",,0,Es
68,223,223,Fraxinus excelsior,34.8,2,4,3,R-,430105.66,5893446.55,0,35,"34,8",,0,Es
69,224,224,Fraxinus excelsior,32.7,3,4,2,,430106.59,5893440.18,0,31,"32,7",,0,Es
70,226,226,Fraxinus excelsior,31.97,3,4,2,,430116.99,5893427.23,0,48,"31,97",,0,Es
71,227,227,Fraxinus excelsior,37.13,1,1,0,,430108.74,5893423.72,0,59,"37,13",,0,Es
72,228,228,Fraxinus excelsior,38.19,2,3,2,,430108.61,5893432.27,0,54.5,"38,19",,0,Es
73,229,229,Fraxinus excelsior,36.8,2,4,0,,430098.17,5893449.37,0,48,"36,8",,0,Es
74,234,234,Fraxinus excelsior,25,2,2.5,0,,430098.52,5893443.35,0,49,25,,0,Es
75,235,235,Fraxinus excelsior,35.8,2,3,2,,430097.86,5893433.31,0,41,"35,8",,0,Es
76,236,236,Fraxinus excelsior,38.5,2,2,1,,430099.01,5893431.57,0,42,"38,5",,0,Es
77,238,238,Fraxinus excelsior,35.9,2,2,0,,430098.37,5893426.5,0,48,"35,9",,0,Es
78,239,239,Fraxinus excelsior,35.1,1,2.5,1,,430096.65,5893421.53,0,85,"35,1",,0,Es
79,297,237,Fraxinus excelsior,28.9,4,2,0,,430097.03,5893428.78,0,28,"28,9",,0,Es
80,1104,104,Fraxinus excelsior,34.5,3,4,2,,430162.71,5893515.8,0,31.5,"34,5",,0,Es
81,1115,115,Fraxinus excelsior,30.4,3,3.5,2,,430180.18,5893505.58,0,30,"30,4",,0,Es
82,1117,117,Fraxinus excelsior,31.85,3,3,2,,430174.21,5893506.18,0,34,"31,85",,0,Es
83,1121,121,Fraxinus excelsior,35.6,1,3.5,2,,430158.25,5893506.62,0,41,"35,6",,0,Es
84,1123,123,Fraxinus excelsior,33.5,1,2,1,,430143.52,5893517.49,0,39.5,"33,5",,0,Es
85,1145,145,Fraxinus excelsior,28.22,2,3,1,,430198.44,5893498.06,0,32,"28,22",,0,Es
86,1146,146,Fraxinus excelsior,30.25,2,2.5,1,R+,430202.52,5893487.2,0,42,"30,25",,0,Es
87,1178,178,Fraxinus excelsior,33.34,2,3,2,,430162.99,5893463.89,0,36.5,"33,34",,0,Es
88,1179,179,Fraxinus excelsior,29.16,2,3,2,,430169.27,5893465.01,0,33,"29,16",,0,Es
89,1180,180,Fraxinus excelsior,34.05,2,3,1,,430165.36,5893459.12,0,37.5,"34,05",,0,Es
90,1181,181,Fraxinus excelsior,34.29,1,2,1,,430171.55,5893458.79,0,41,"34,29",,0,Es
91,1182,182,Fraxinus excelsior,30.34,2,4,2,R-,430176.38,5893463.51,0,39,"30,34",,0,Es
92,1192,192,Fraxinus excelsior,31.17,2,2,0,R+,430175.33,5893450.85,0,37.5,"31,17",,0,Es
93,1193,193,Fraxinus excelsior,30.55,2,3,2,,430170.73,5893448.45,0,31,"30,55",,0,Es
94,1194,194,Fraxinus excelsior,34.73,2,2,1,,430172.85,5893454.53,0,37,"34,73",,0,Es
95,1195,195,Fraxinus excelsior,30.4,3,3,2,,430169.28,5893453.92,0,27.5,"30,4",,0,Es
96,1196,196,Fraxinus excelsior,27.31,2,2.5,2,R-,430164.43,5893451.61,0,32.5,"27,31",,0,Es
97,1197,197,Fraxinus excelsior,32.96,2,2.5,2,,430162.58,5893454.42,0,33.5,"32,96",,0,Es
98,1212,212,Fraxinus excelsior,38,2,3,2,,430127.23,5893448.59,0,43.5,38,,0,Es
99,1213,213,Fraxinus excelsior,38.9,1,3.5,0,,430125.42,5893441.29,0,59,"38,9",,0,Es
100,1214,214,Fraxinus excelsior,29,4,4,2,,430123.92,5893443.66,0,23,29,,0,Es
101,1225,225,Fraxinus excelsior,38.64,2,1,2,,430120.29,5893432.26,0,52.5,"38,64",,0,Es
102,2013,13,Fraxinus excelsior,40.02,2,2,2,Probebäume,430092.8,5893526.11,0,46.5,"40,02",,0,Es
103,2014,14,Fraxinus excelsior,37.96,2,2.5,2,Probebäume,430091.54,5893530.15,0,41,"37,96",,0,Es
104,2015,15,Fraxinus excelsior,34.84,2,3,2,Probebäume,430090.05,5893525.31,0,41,"34,84",,0,Es
105,2018,18,Fraxinus excelsior,40.98,1,1.5,1,Probebäume,430086.06,5893517.29,0,61,"40,98",,0,Es
106,2107,107,Fraxinus excelsior,27.6,3,4,2,,430174.65,5893515.35,0,30,"27,6",,0,Es
107,2215,215,Fraxinus excelsior,33.63,2,4,2,,430118.34,5893443.99,0,43,"33,63",,0,Es
108,19,19,Fraxinus excelsior,42.89,1,1,1,Lage prüfen,430084.816,5893513.737,0,67,"42,89",,0,Es
109,133,133,Fraxinus excelsior,33.3,2,3.5,1,Lage prüfen,430143.026,5893493.189,0,42,"33,3",,0,Es
110,1144,144,Fraxinus excelsior,21.72,3,3,2,Lage prüfen,430189.079,5893488.768,0,22,"21,72",,0,Es
111,171,171,Fraxinus excelsior,39.48,1,1.5,1,Lage prüfen,430151.447,5893478.877,0,54.5,"39,48",,0,Es
112,1187,187,Fraxinus excelsior,31.18,2,3,1,Lage prüfen,430197.53,5893457.878,0,58.5,"31,18",,0,Es
113,1,1,Ulmus spec.,0,,0,,,430096.62,5893429.33,120,12,,,3,Ul
114,2,2,Coryllus avellana,0,,0,,,430099.26,5893420.2,0,0,,100,3,Hasel
115,3,3,Alnus glutinosa,0,,0,,,430119.11,5893420.5,450,45,,100,1,Er
116,4,4,Coryllus avellana,0,,0,,,430117.97,5893426.51,140,14,,,0,Hasel
117,6,6,Fagus sylvatica,0,,0,,,430098.77,5893447.5,190,19,,,2,Bu
118,7,7,Ulmus spec.,0,,0,,,430102.5,5893453.34,70,7,,100,3,Ul
119,8,8,Fagus sylvatica,0,,0,,,430103.69,5893459.88,370,37,,100,1,Bu
120,9,9,Fagus sylvatica,0,,0,,,430102.85,5893461.44,200,20,,,2,Bu
121,10,10,Fagus sylvatica,0,,0,,,430106.76,5893457.79,200,20,,100,2,Bu
122,11,11,Fagus sylvatica,0,,0,,,430109.09,5893456.11,150,15,,100,3,Bu
123,12,12,Alnus glutinosa,0,,0,,,430115.41,5893477.6,450,45,,100,1,Er
124,13,13,Alnus glutinosa,0,,0,,,430120.18,5893476.97,440,44,,100,1,Er
125,14,14,Alnus glutinosa,0,,0,,,430119.53,5893474.19,540,54,,100,1,Er
126,15,15,Alnus glutinosa,0,,0,,,430123.88,5893463.34,460,46,,100,1,Er
127,16,16,Alnus glutinosa,0,,0,,,430123.82,5893469.46,310,31,,200,2,Er
128,17,17,Alnus glutinosa,0,,0,,,430125.44,5893467.56,510,51,,100,1,Er
129,18,18,Alnus glutinosa,0,,0,,,430128.43,5893468.36,440,44,,100,1,Er
130,19,19,Alnus glutinosa,0,,0,,,430129.18,5893468.22,400,40,,100,1,Er
131,20,20,Alnus glutinosa,0,,0,,,430128.85,5893467.64,120,12,,100,3,Er
132,21,21,Alnus glutinosa,0,,0,,,430132.5,5893468.04,420,42,,100,1,Er
133,22,22,Alnus glutinosa,0,,0,,,430131.04,5893472.81,550,55,,100,1,Er
134,23,23,Alnus glutinosa,0,,0,,,430134.79,5893472.02,550,55,,100,1,Er
135,24,24,Alnus glutinosa,0,,0,,,430132.6,5893472.45,90,9,,100,3,Er
136,25,25,Alnus glutinosa,0,,0,,,430126.57,5893474.38,430,43,,100,1,Er
137,26,26,Alnus glutinosa,0,,0,,,430123.99,5893473.74,410,41,,100,1,Er
138,27,27,Alnus glutinosa,0,,0,,,430135.08,5893476.96,410,41,,100,1,Er
139,28,28,Fagus sylvatica,0,,0,,,430133.23,5893490.19,210,21,,100,2,Bu
140,29,29,Fagus sylvatica,0,,0,,,430137.13,5893493.28,110,11,,100,3,Bu
141,30,30,Ulmus spec.,0,,0,,,430134.71,5893483.58,140,14,,100,2,Ul
142,31,31,Alnus glutinosa,0,,0,,,430118,5893486.58,490,49,,100,1,Er
143,32,32,Alnus glutinosa,0,,0,,,430128.33,5893482.39,0,0,,100,1,Er
144,33,33,Alnus glutinosa,0,,0,,,430138.58,5893481.16,430,43,,100,1,Er
145,34,34,Alnus glutinosa,0,,0,,,430136.28,5893467.86,510,51,,100,1,Er
146,35,35,Larix deciduae,0,,0,,,430107.29,5893517.17,380,38,,100,1,Lae
147,36,36,Fagus sylvatica,0,,0,,,430109.95,5893515.99,150,15,,100,2,Bu
148,37,37,Larix deciduae,0,,0,,,430110.79,5893514.9,350,35,,100,1,Lae
149,38,38,Fagus sylvatica,0,,0,,,430112.31,5893512.12,150,15,,100,2,Bu
150,39,39,Fagus sylvatica,0,,0,,,430111.85,5893508.81,160,16,,100,2,Bu
151,42,42,Fagus sylvatica,0,,0,,,430107.72,5893479.54,350,35,,100,1,Bu
152,43,43,Fagus sylvatica,0,,0,,,430106.16,5893503.38,230,23,,100,2,Bu
153,44,44,Fagus sylvatica,0,,0,,,430113.45,5893502.42,230,23,,100,2,Bu
154,45,45,Fagus sylvatica,0,,0,,,430111.82,5893516.98,170,17,,200,2,Bu
155,46,46,Fagus sylvatica,0,,0,,,430110.85,5893519.02,420,42,,100,1,Bu
156,47,47,Larix deciduae,0,,0,,,430115.52,5893515.74,410,41,,100,1,Lae
157,48,48,Larix deciduae,0,,0,,,430116.85,5893519.77,400,40,,100,1,Lae
158,49,49,Larix deciduae,0,,0,,,430118.96,5893517.87,350,35,,100,1,Lae
159,50,50,Larix deciduae,0,,0,,,430121.29,5893515.97,400,40,,100,1,Lae
160,51,51,Fagus sylvatica,0,,0,,,430125.4,5893517.18,490,49,,200,1,Bu
161,52,52,Fagus sylvatica,0,,0,,,430125.11,5893515.67,130,13,,100,3,Bu
162,55,55,Fagus sylvatica,0,,0,,,430134.52,5893490.75,210,21,,100,2,Bu
163,56,56,Fagus sylvatica,0,,0,,,430138.32,5893493.8,110,11,,100,3,Bu
164,57,57,Carpinus betulus,0,,0,,,430136.14,5893502.62,270,27,,100,1,Hbu
165,58,58,Carpinus betulus,0,,0,,,430134.25,5893505.55,110,11,,100,3,Hbu
166,59,59,Ulmus spec.,0,,0,,,430133.91,5893505.67,140,14,,200,0,Ul
167,60,60,Fagus sylvatica,0,,0,,,430146.48,5893508.12,210,21,,100,0,Bu
168,61,61,Fagus sylvatica,0,,0,,,430144.94,5893513.32,180,18,,100,0,Bu
169,62,62,Quercus robur,0,,0,,,430152.33,5893516.61,140,14,,100,0,Ei
170,63,63,Fagus sylvatica,0,,0,,,430156.07,5893501.57,210,21,,100,0,Bu
171,64,64,Fagus sylvatica,0,,0,,,430156.26,5893504.14,240,24,,100,0,Bu
172,65,65,Carpinus betulus,0,,0,,,430157.93,5893489.03,300,30,,100,0,Hbu
173,66,66,Betula pendula,0,,0,,,430160.58,5893489.66,380,38,,200,0,Bi
174,68,68,Quercus robur,0,,0,,,430166.68,5893502.64,210,21,,100,0,Ei
175,69,69,Carpinus betulus,0,,0,,,430174.94,5893512.53,200,20,,100,2,Hbu
176,70,70,Fagus sylvatica,0,,0,,,430178.27,5893506.83,210,21,,100,2,Bu
177,71,71,Carpinus betulus,0,,0,,,430178.22,5893513.42,280,28,,100,2,Hbu
178,72,72,Fagus sylvatica,0,,0,,,430165.05,5893508.48,310,31,,100,0,Bu
179,73,73,Fagus sylvatica,0,,0,,,430146.79,5893506.37,250,25,,,0,Bu
180,74,74,Fagus sylvatica,0,,0,,,430147,5893510.51,250,25,,100,0,Bu
181,75,75,Fagus sylvatica,0,,0,,,430132.71,5893515.92,240,24,,100,2,Bu
182,76,76,Fagus sylvatica,0,,0,,,430124.09,5893513.82,400,40,,100,1,Bu
183,77,77,Fagus sylvatica,0,,0,,,430108.01,5893507.4,210,21,,100,2,Bu
184,78,78,Fagus sylvatica,0,,0,,,430112.35,5893504.03,230,23,,100,2,Bu
185,79,79,Fagus sylvatica,0,,0,,,430117.18,5893507.56,300,30,,100,1,Bu
186,80,80,Fagus sylvatica,0,,0,,,430125.39,5893506.12,290,29,,100,2,Bu
187,81,81,Fagus sylvatica,0,,0,,,430141.42,5893502.67,310,31,,100,1,Bu
188,82,82,Fagus sylvatica,0,,0,,,430146.64,5893493.89,360,36,,100,1,Bu
189,83,83,Carpinus betulus,0,,0,,,430154.05,5893501.42,250,25,,100,0,Hbu
190,84,84,Betula pendula,0,,0,,,430153.34,5893494.58,540,54,,100,1,Bi
191,85,85,Carpinus betulus,0,,0,,,430160.2,5893503.67,280,28,,100,0,Hbu
192,86,86,Betula pendula,0,,0,,,430159.13,5893498.02,400,40,,100,0,Bi
193,87,87,Carpinus betulus,0,,0,,,430180.82,5893504.47,250,25,,100,2,Hbu
194,88,88,Alnus glutinosa,0,,0,,,430150.22,5893455.79,420,42,,100,1,Er
195,89,89,Alnus glutinosa,0,,0,,,430146.43,5893465.5,380,38,,100,1,Er
196,90,90,Alnus glutinosa,0,,0,,,430144.44,5893463.34,400,40,,100,1,Er
197,91,91,Alnus glutinosa,0,,0,,,430142.05,5893464.15,430,43,,100,1,Er
198,92,92,Alnus glutinosa,0,,0,,,430136.88,5893463.93,390,39,,100,1,Er
199,93,93,Fagus sylvatica,0,,0,,,430171.13,5893478.33,280,28,,100,2,Bu
200,94,94,Fagus sylvatica,0,,0,,,430152.94,5893488.41,320,32,,100,1,Bu
201,95,95,Tilia platyphyllus,0,,0,,,430136.5,5893489.09,550,55,,100,1,Li
202,96,96,Alnus glutinosa,0,,0,,,430128.39,5893483.63,470,47,,100,1,Er
203,97,97,Fagus sylvatica,0,,0,,,430124.05,5893492.53,240,24,,100,2,Bu
204,98,98,Fagus sylvatica,0,,0,,,430122.85,5893494.45,310,31,,100,2,Bu
205,99,99,Fagus sylvatica,0,,0,,,430123.87,5893496.91,290,29,,100,2,Bu
206,100,100,Fagus sylvatica,0,,0,,,430115.35,5893491.24,340,34,,100,1,Bu
207,101,101,Alnus glutinosa,0,,0,,,430141.23,5893475.94,460,46,,100,1,Er
208,102,102,Fagus sylvatica,0,,0,,,430118.71,5893491.95,170,17,,100,2,Bu
209,103,103,Fagus sylvatica,0,,0,,,430168.54,5893478.54,370,37,,100,1,Bu
210,104,104,Alnus glutinosa,0,,0,,,430138.08,5893468.3,520,52,,100,1,Er
211,105,105,Alnus glutinosa,0,,0,,,430145.63,5893468.62,380,38,,100,1,Er
212,107,107,Alnus glutinosa,0,,0,,,430136.83,5893472.53,550,55,,100,1,Er
213,108,108,Alnus glutinosa,0,,0,,,430136.76,5893477.23,410,41,,100,1,Er
214,109,109,Alnus glutinosa,0,,0,,,430133.24,5893473.09,560,56,,100,1,Er
215,110,110,Fagus sylvatica,0,,0,,,430105.85,5893494.69,240,24,,100,2,Bu
216,111,111,Alnus glutinosa,0,,0,,,430128.68,5893474.9,430,43,,100,1,Er
217,112,112,Carpinus betulus,0,,0,,,430180.49,5893468.37,290,29,,100,1,Hbu
218,114,114,Fagus sylvatica,0,,0,,,430111.29,5893463.98,310,31,,100,2,Bu
219,115,115,Fagus sylvatica,0,,0,,,430115.47,5893463.16,470,47,,100,1,Bu
220,116,116,Betula pendula,0,,0,,,430179.14,5893477.29,320,32,,100,1,Bi
221,117,117,Fagus sylvatica,0,,0,,,430108.12,5893456.7,270,27,,100,2,Bu
222,118,118,Tilia platyphyllus,0,,0,,,430186.07,5893490.16,350,35,,100,2,Li
223,121,121,Carpinus betulus,0,,0,,,430102.1,5893446.14,300,30,,100,1,Hbu
224,123,123,Fagus sylvatica,0,,0,,,430099.19,5893434.03,440,44,,100,1,Bu
225,133,133,Fagus sylvatica,0,,0,,,430143.03,5893493.19,410,41,,100,1,Bu
226,141,141,Betula pendula,0,,0,,,430184.11,5893490.73,550,55,,100,1,Bi
227,144,144,Fagus sylvatica,0,,0,,,430184.14,5893492.9,270,27,,100,2,Bu
228,145,145,Carpinus betulus,0,,0,,,430186.39,5893503.43,220,22,,100,2,Hbu
229,146,146,Acer campestre,0,,0,,,430187.91,5893511.97,190,19,,100,2,Ah
230,147,147,Alnus glutinosa,0,,0,,,430196.43,5893510.29,550,55,,100,1,Er
231,148,148,Alnus glutinosa,0,,0,,,430200.06,5893507.51,390,39,,100,1,Er
232,149,149,Carpinus betulus,0,,0,,,430196.54,5893503,220,22,,100,2,Hbu
233,158,158,Fagus sylvatica,0,,0,,,430190.17,5893472.29,160,16,,100,2,Bu
234,171,171,Alnus glutinosa,0,,0,,,430151.45,5893478.88,520,52,,100,1,Er
235,178,178,Fagus sylvatica,0,,0,,,430190.64,5893470.24,360,36,,100,1,Bu
236,180,180,Fagus sylvatica,0,,0,,,430189.69,5893464.07,310,31,,100,1,Bu
237,182,182,Fagus sylvatica,0,,0,,,430182.36,5893458.06,380,38,,100,1,Bu
238,187,187,Carpinus betulus,0,,0,,,430181.93,5893450.4,260,26,,100,2,Hbu
239,192,192,Acer pseudoplatanus,0,,0,,,430182.68,5893438.91,380,38,,100,1,Ah
240,193,193,Acer pseudoplatanus,0,,0,,,430174.94,5893435.2,400,40,,100,1,Ah
241,194,194,Alnus glutinosa,0,,0,,,430167.67,5893437.78,430,43,,100,1,Er
242,195,195,Tilia cordata,0,,0,,,430167.61,5893437.35,460,46,,100,1,Li
243,196,196,Fagus sylvatica,0,,0,,,430161.37,5893444.88,320,32,,100,1,Bu
244,203,203,Alnus glutinosa,0,,0,,,430153.7,5893443.99,470,47,,100,1,Er
245,204,204,Carpinus betulus,0,,0,,,430174.97,5893462.44,390,39,,100,2,Hbu
246,205,205,Alnus glutinosa,0,,0,,,430177.28,5893428.91,320,32,,100,2,Er
247,206,206,Alnus glutinosa,0,,0,,,430167.75,5893431.1,210,21,,100,2,Er
248,212,212,Alnus glutinosa,0,,0,,,430168.94,5893428.67,350,35,,100,1,Er
249,213,213,Alnus glutinosa,0,,0,,,430168.05,5893424.32,210,21,,100,2,Er
250,214,214,Alnus glutinosa,0,,0,,,430166.66,5893423.52,290,29,,100,2,Er
251,215,215,Alnus glutinosa,0,,0,,,430163.09,5893425.57,360,36,,100,1,Er
252,218,218,Alnus glutinosa,0,,0,,,430162.43,5893425.27,240,24,,100,2,Er
253,219,219,Alnus glutinosa,0,,0,,,430163.81,5893425.03,350,35,,100,2,Er
254,220,220,Alnus glutinosa,0,,0,,,430159.02,5893430.11,410,41,,100,1,Er
255,225,225,Alnus glutinosa,0,,0,,,430156.62,5893430.97,370,37,,100,1,Er
256,230,230,Alnus glutinosa,0,,0,,,430156.03,5893430.48,360,36,,100,1,Er
257,231,231,Alnus glutinosa,0,,0,,,430156.21,5893428.14,230,23,,100,2,Er
258,232,232,Alnus glutinosa,0,,0,,,430156.85,5893427.83,400,40,,100,1,Er
259,233,233,Alnus glutinosa,0,,0,,,430157.22,5893426.78,370,37,,100,1,Er
260,237,237,Alnus glutinosa,0,,0,,,430154.72,5893422.23,370,37,,100,1,Er
261,240,240,Alnus glutinosa,0,,0,,,430155.47,5893419.74,370,37,,100,2,Er
262,241,241,Alnus glutinosa,0,,0,,,430151.33,5893426.15,390,39,,100,1,Er
263,242,242,Alnus glutinosa,0,,0,,,430149.34,5893425.85,360,36,,100,1,Er
264,243,243,Alnus glutinosa,0,,0,,,430148.45,5893425.29,360,36,,100,1,Er
265,244,244,Alnus glutinosa,0,,0,,,430151.05,5893423.34,260,26,,100,1,Er
266,245,245,Alnus glutinosa,0,,0,,,430150.04,5893421.19,200,20,,100,2,Er
267,246,246,Alnus glutinosa,0,,0,,,430148.66,5893417.78,360,36,,100,1,Er
268,247,247,Alnus glutinosa,0,,0,,,430148.72,5893417.18,380,38,,100,1,Er
269,248,248,Alnus glutinosa,0,,0,,,430149.2,5893417.68,330,33,,100,1,Er
270,249,249,Alnus glutinosa,0,,0,,,430149.91,5893416.37,340,34,,100,2,Er
271,250,250,Alnus glutinosa,0,,0,,,430147.03,5893429.14,470,47,,100,1,Er
272,251,251,Alnus glutinosa,0,,0,,,430145.99,5893428.34,380,38,,100,1,Er
273,252,252,Alnus glutinosa,0,,0,,,430145.38,5893426.11,190,19,,100,2,Er
274,253,253,Alnus glutinosa,0,,0,,,430146.24,5893422.65,330,33,,100,1,Er
275,254,254,Alnus glutinosa,0,,0,,,430142.07,5893425.64,310,31,,100,1,Er
276,255,255,Alnus glutinosa,0,,0,,,430141.21,5893425.37,410,41,,100,1,Er
277,256,256,Alnus glutinosa,0,,0,,,430138.83,5893424.96,540,54,,100,1,Er
278,257,257,Alnus glutinosa,0,,0,,,430136.27,5893427.51,530,53,,100,1,Er
279,258,258,Alnus glutinosa,0,,0,,,430139.74,5893419.32,310,31,,100,1,Er
280,259,259,Alnus glutinosa,0,,0,,,430139.54,5893417.53,490,49,,100,1,Er
281,260,260,Alnus glutinosa,0,,0,,,430143.55,5893416.04,350,35,,100,1,Er
282,261,261,Alnus glutinosa,0,,0,,,430144.04,5893416.54,320,32,,100,1,Er
283,262,262,Alnus glutinosa,0,,0,,,430132.3,5893418.28,480,48,,100,1,Er
284,263,263,Alnus glutinosa,0,,0,,,430126.6,5893419.44,370,37,,100,1,Er
285,264,264,Alnus glutinosa,0,,0,,,430125.62,5893419.41,340,34,,100,1,Er
286,265,265,Alnus glutinosa,0,,0,,,430123.17,5893420.41,470,47,,100,1,Er
287,266,266,Alnus glutinosa,0,,0,,,430120.15,5893419.04,400,40,,100,1,Er
288,267,267,Alnus glutinosa,0,,0,,,430128.88,5893430.4,620,62,,100,1,Er
289,268,268,Alnus glutinosa,0,,0,,,430127.66,5893425.98,410,41,,100,1,Er
290,269,269,Alnus glutinosa,0,,0,,,430131.51,5893426.21,370,37,,100,1,Er
291,270,270,Alnus glutinosa,0,,0,,,430137.17,5893433.79,460,46,,100,1,Er
292,271,271,Alnus glutinosa,0,,0,,,430139.58,5893435.83,450,45,,100,1,Er
293,272,272,Ulmus spec.,0,,0,,,430141.56,5893440.93,240,24,,100,2,Ul
294,273,273,Alnus glutinosa,0,,0,,,430136.93,5893439.2,450,45,,100,1,Er
295,274,274,Alnus glutinosa,0,,0,,,430134.05,5893437.74,430,43,,100,1,Er
296,275,275,Alnus glutinosa,0,,0,,,430130.07,5893442.52,390,39,,100,1,Er
297,276,276,Alnus glutinosa,0,,0,,,430133.61,5893447.46,470,47,,100,1,Er
298,277,277,Alnus glutinosa,0,,0,,,430137.04,5893444.56,430,43,,100,1,Er
299,278,278,Alnus glutinosa,0,,0,,,430139.52,5893445.1,630,63,,100,1,Er
300,279,279,Alnus glutinosa,0,,0,,,430141.76,5893445.73,520,52,,100,1,Er
301,280,280,Alnus glutinosa,0,,0,,,430135.38,5893451.14,540,54,,100,1,Er
302,281,281,Alnus glutinosa,0,,0,,,430137.16,5893453,450,45,,100,1,Er
303,282,282,Alnus glutinosa,0,,0,,,430140.66,5893453.72,420,42,,100,1,Er
304,283,283,Alnus glutinosa,0,,0,,,430136.57,5893457.84,520,52,,100,1,Er
305,284,284,Alnus glutinosa,0,,0,,,430132.5,5893458.69,490,49,,100,1,Er
306,285,285,Alnus glutinosa,0,,0,,,430131.79,5893460.53,400,40,,100,1,Er
307,286,286,Alnus glutinosa,0,,0,,,430126.92,5893463.67,460,46,,100,1,Er
308,287,287,Alnus glutinosa,0,,0,,,430128.08,5893467.67,510,51,,100,1,Er
309,1070,70,Fagus sylvatica,0,,0,,,430182.24,5893500.77,350,35,,100,1,Bu
310,1087,87,Betula pendula,0,,0,,,430180.92,5893492.53,510,51,,100,1,Bi
311,1091,91,Fagus sylvatica,0,,0,,,430183.66,5893478.66,350,35,,100,1,Bu
312,1092,92,Fagus sylvatica,0,,0,,,430183.01,5893477.52,290,29,,100,2,Bu
313,1102,102,Tilia platyphyllus,0,,0,,,430162.25,5893469.9,460,46,,100,1,Li
314,1105,105,Fagus sylvatica,0,,0,,,430185.88,5893456.46,270,27,,100,1,Bu
315,1106,106,Quercus robur,0,,0,,,430186.12,5893441.14,850,85,,100,1,Ei
316,1107,107,Tilia cordata,0,,0,,,430179.31,5893457.72,360,36,,100,1,Li
317,1108,108,Ulmus spec.,0,,0,,,430174.24,5893448.7,170,17,,100,2,Ul
318,1109,109,Quercus robur,0,,0,,,430164.66,5893444.32,760,76,,100,1,Ei
319,1124,124,Fagus sylvatica,0,,0,,,430097.78,5893424.69,250,25,,100,2,Bu
320,2116,116,Alnus glutinosa,0,,0,,,430151.24,5893446.94,540,54,,100,1,Er
