lfdNR.,Baumart,BHD,Kraftsche Klasse,Zwiesel,X,Y,Ost (UTM Z33 N),Nord (UTM Z33 N)
1,GES,13.5,3,0,165.1,51.3,426477.322426431,5629754.63048678
2,GES,22.5,2,0,165.5,52.5,426477.836924382,5629755.79122724
3,GBI,15.5,3,0,162.8,53,426475.186983012,5629756.54917569
4,BAH,21,4,0,163.3,53.6,426475.743985937,5629757.10083942
5,GBI,9.5,5,0,163.3,56.6,426476.031050983,5629760.09837891
6,BAH,16,3,0,159.2,57.5,426472.020533189,5629761.38996299
7,GBI,30.5,1,0,161.4,58.8,426474.343123671,5629762.4783824
8,BAH,31,2,0,157.6,59.5,426470.613222156,5629763.54142401
9,BAH,24.5,2,0,160.5,62.7,426473.817046383,5629766.46130326
10,GBI,25,1,0,156.3,62.7,426469.620491091,5629766.86319432
11,BAH,11.5,4,0,157.9,66.9,426471.621069886,5629770.90664826
12,BAH,14,2,0,156.4,66.2,426470.055318295,5629770.3507549
13,BAH,30,1,0,154.3,67.8,426468.110142007,5629772.15038816
14,GBI,22.5,1,0,151.2,70.8,426465.299749576,5629775.44456153
15,GBI,22.5,1,0,155.4,74.5,426469.850351758,5629778.73963585
16,GBI,19,2,0,154,75.6,426468.556757178,5629779.97269735
17,GBI,27,1,0,152,79.7,426466.950719745,5629784.26071135
18,BAH,14,5,0,146.6,79.4,426461.526442151,5629784.47767449
19,BAH,27,1,0,146,82.6,426461.233136968,5629787.73246296
20,BAH,23,2,0,146.4,84.6,426461.824185598,5629789.69254728
21,GBI,35,1,0,147.9,87.8,426463.629158061,5629792.74639022
22,sonst EBE,10,5,0,144.8,88.6,426460.608251263,5629793.84236796
23,GBI,12.5,2,0,143.7,91.3,426459.76751199,5629796.64541069
24,BAH,20.5,2,0,145.5,92.8,426461.709568209,5629797.97194141
25,GBI,24.5,1,0,142.6,94.3,426458.955479222,5629799.74820737
26,GBI,17,3,0,140.4,94.3,426456.757283593,5629799.95872174
27,GBI,22.5,1,0,141.2,100.2,426458.121188715,5629805.77733206
28,GBI,26.5,1,0,136.2,102.9,426453.383648101,5629808.95355935
29,BAH,15.5,5,0,138.5,105.4,426455.920982584,5629811.23142573
30,GBI,25,2,0,136.7,106.3,426454.208578402,5629812.3029266
31,GBI,24.5,2,0,133.4,108.1,426451.083523986,5629814.41722185
32,GBI,23,1,0,130.3,107.8,426447.957360005,5629814.41410178
33,GBI,22.5,2,0,131.5,105.5,426448.9362926,5629812.00116215
34,BAH,12.5,5,0,132,100.5,426448.957440772,5629806.95741882
35,BAH,10.5,5,0,134.1,99.4,426450.950461234,5629805.65737547
36,BAH,15.5,4,0,134,97.6,426450.678304224,5629803.86842061
37,SEI,23.5,2,0,132.3,98.6,426449.075386859,5629805.03027064
38,GBI,23,1,0,133,96.3,426449.554729539,5629802.66517518
39,SEI,24.5,3,0,137.4,92.6,426453.597073906,5629798.54718107
40,GBI,28.5,1,0,135.7,90,426451.649678487,5629796.1119837
41,BAH,10,5,0,139.9,89.7,426455.817527273,5629795.41033869
42,GBI,23,2,0,135.6,85,426451.07131876,5629791.12565338
43,GBI,31,1,0,137.6,83.2,426452.897439395,5629789.13575299
44,GBI,25.5,1,0,142.4,85.6,426457.923154622,5629791.07448051
45,BAH,9.5,5,0,140.1,82.1,426455.290131789,5629787.7974343
46,GBI,9.5,5,0,142.8,80.5,426457.834815976,5629785.94038803
47,GBI,28,1,0,139,79.3,426453.923106599,5629785.10498795
48,GBI,22,2,0,144,79.3,426458.919005755,5629784.62654621
49,BAH,16,3,0,141.7,75.6,426456.266845253,5629781.14966404
50,BAH,22.5,3,0,142.5,72.8,426456.798261742,5629778.27540983
51,BAH,24,3,0,145.2,73.6,426459.572597965,5629778.81639516
52,BAH,10,5,0,142.9,70.4,426456.968281637,5629775.8391029
53,GBI,25,1,0,143.8,68.7,426457.704873293,5629774.05437767
54,GBI,20,2,0,145.8,67.9,426459.626682276,5629773.06365711
55,BAH,13.5,5,0,146.4,67.8,426460.21662134,5629772.90632612
56,GBI,31.5,1,0,145.5,64.6,426459.011156776,5629769.79507017
57,GBI,20,1,0,151.4,64.2,426464.868042441,5629768.83083698
58,BAH,20.5,5,0,145.8,62.4,426459.100396358,5629767.56816803
59,BAH,20,3,0,152.4,61.9,426465.64713907,5629766.43703502
60,BAH,8.5,5,0,150.3,60.5,426463.414897736,5629765.23912879
61,GBI,30.5,1,0,152.7,58.6,426465.631121469,5629763.11103507
62,BAH,19.5,5,0,154.7,58,426467.572068122,5629762.32015047
63,GBI,16.5,3,0,150.8,56.4,426463.522165422,5629761.0946473
64,BAH,28.5,3,0,153.6,55.3,426466.214611766,5629759.72762211
65,BAH,18.5,5,0,158.7,55.3,426471.310428906,5629759.23961154
66,GES,38,1,0,158.5,52.3,426470.823527893,5629756.26120971
67,BAH,14.5,5,0,154.6,51.7,426466.869313542,5629756.03488637
68,BAH,10.5,5,0,154.9,50.4,426467.044672638,5629754.70724609
69,BAH,26,3,0,156.1,50.1,426468.214981931,5629754.29266612
70,BAH,21,4,0,159.8,49.4,426471.844965463,5629753.23919335
71,sonst PAP,27,1,0,152.3,49.2,426464.331979059,5629753.75702
72,BAH,28.5,3,0,149.5,49,426461.515137861,5629753.82511141
73,BAH,23.5,3,0,149.7,52.6,426462.059451883,5629757.40302113
74,BAH,12,5,1,142.3,57.5,426455.13439404,5629763.00709608
75,GBI,19,1,0,142,58.4,426454.920759605,5629763.93506444
76,BAH,16.5,3,0,140.3,61.2,426453.490081268,5629766.89543816
77,SEI,42.5,1,0,138.6,69.3,426452.566551179,5629775.15146498
78,BAH,17.5,3,0,139.7,74.5,426454.163228407,5629780.24194292
79,BAH,12,5,0,135.5,73,426449.823140592,5629779.14506424
80,SEI,22,2,0,134.1,74.8,426448.596527856,5629781.07755162
81,BAH,19,3,0,133.1,77.9,426447.893981906,5629784.27069745
82,GBI,33.5,1,0,129.8,83.3,426445.113405546,5629789.98204009
83,GBI,23,2,0,129.9,89.8,426445.835297796,5629796.46714016
84,BAH,24,1,0,127.9,92.6,426444.104865509,5629799.45622038
85,GBI,18,1,0,126.5,94.6,426442.897390443,5629801.58854373
86,GBI,20,1,0,125.3,95.8,426441.813200664,5629802.90238555
87,BAH,9,5,0,123.7,97.4,426440.367614292,5629804.65417464
88,GBI,18,1,0,126.8,101.8,426443.886100503,5629808.75393201
89,GBI,18,1,0,124.7,100.2,426441.634721499,5629807.35618982
90,BAH,9.5,5,0,124.3,100.6,426441.273324906,5629807.79413709
91,GBI,18.5,1,0,124.1,102.3,426441.236159133,5629809.51188047
92,GBI,17.5,2,0,122.8,104.2,426440.119033215,5629811.534717
93,GBI,10.5,3,0,124.8,105.6,426442.251356566,5629812.74219207
94,GBI,15.5,2,0,128.1,109.5,426445.921834569,5629816.32322186
95,SEI,23.5,1,0,128.6,98.1,426445.330577309,5629804.88472761
96,GBI,11.5,4,0,121,108.2,426438.703262913,5629815.70367536
97,GBI,21,1,0,119.5,107,426437.089667148,5629814.64819208
98,BAH,10,5,0,119.8,105.8,426437.274595079,5629813.42046978
99,GBI,26.5,1,0,116.7,103.6,426433.966623235,5629811.51890803
100,BAH,9,5,0,118,100.1,426434.930647795,5629807.89738377
101,GBI,10.5,4,0,121.3,99.2,426438.141821724,5629806.68235037
102,GBI,24,1,0,120.3,97.9,426437.01824704,5629805.47910494
103,BAH,7.5,5,0,122.5,98.7,426439.292993348,5629806.06793443
104,BAH,8,5,0,122.7,98.4,426439.464122809,5629805.74904282
105,GBI,26,1,0,123.2,93.4,426439.485270981,5629800.70529949
106,BAH,14,4,0,125,92.5,426441.197675164,5629799.63379861
107,BAH,14,4,0,123.7,91.7,426439.822190704,5629798.9588496
108,BAH,13,4,0,122.3,90.2,426438.279806417,5629797.59404354
109,GBI,23,1,0,124.6,89.4,426440.50136935,5629796.57461647
110,BAH,11.5,5,0,127.1,89.2,426442.980181259,5629796.13555963
111,BAH,27.5,1,1,123.7,82.3,426438.922720226,5629789.56655918
112,BAH,11,5,0,124,80.3,426439.031097478,5629787.53949302
113,BAH,8,5,0,123.8,78.2,426438.63031598,5629785.46035304
114,GBI,25,1,0,128.9,79.2,426443.821821468,5629785.97152229
115,BAH,35,1,0,128.9,77.2,426443.630444771,5629783.97316263
116,BAH,11,5,0,130.9,76.8,426445.590529094,5629783.382114
117,BAH,8,5,0,127.8,75.2,426442.339970259,5629782.08006015
118,BAH,11,5,0,126.4,71,426440.53922743,5629778.01746855
119,BAH,26,1,0,127.2,70.8,426441.319433626,5629777.7410819
120,BAH,24.5,1,0,131.2,68,426445.048225574,5629774.56062498
121,GBI,16.5,3,0,134.5,67.4,426448.288106008,5629773.64534553
122,BAH,17.5,4,0,135.2,65.6,426448.815292863,5629771.77983999
123,BAH,15.5,5,0,135.7,64.2,426449.18091909,5629770.33314405
124,BAH,23,2,0,131.9,63.1,426445.278778548,5629769.59766196
125,BAH,18,3,0,134.5,58.8,426447.46518621,5629765.05239898
126,BAH,9,5,0,135.3,58.3,426448.2166859,5629764.47625839
127,GBI,21.5,1,0,136.7,60,426449.778207857,5629766.04090041
128,BAH,27,1,0,138.9,57.5,426451.737182614,5629763.33243647
129,BAH,13.5,5,0,133.6,56.1,426446.30756582,5629762.44073295
130,GES,38,1,0,133.5,55,426446.102390653,5629761.35120397
131,BAH,22.5,2,0,140.4,53.6,426452.862767801,5629759.2921026
132,BAH,25,1,0,143.4,48.2,426455.343590212,5629753.60946647
133,BAH,26.5,1,0,135.4,46.8,426447.216187873,5629752.97612149
134,BAH,16,4,0,134.7,45.6,426446.401935973,5629751.84408754
135,BAH,15,5,0,137.7,46.1,426449.447319641,5629752.05661241
136,BAH,20,3,0,143.9,45.7,426455.603959255,5629751.06367272
137,BAH,20.5,3,0,146,43.6,426457.501291369,5629748.76444954
138,BAH,9,5,0,144.1,44.3,426455.669831534,5629749.64568328
139,BAH,20,5,0,141.9,43.1,426453.356809886,5629748.65718185
140,BAH,12,5,0,139.9,41.5,426451.205348866,5629747.24987082
141,BAH,18,5,0,138.5,40.2,426449.682102249,5629746.08490073
142,BAH,15,5,0,134.8,42.4,426446.19565124,5629748.63714325
143,BAH,20.5,2,0,132.4,46.4,426444.18037304,5629752.86351461
144,BAH,11.5,5,0,132.1,51.2,426444.339923164,5629757.6882843
145,BAH,22.5,1,0,127.1,55.1,426439.717208568,5629762.06352739
146,BAH,12.5,5,0,131.3,44.6,426442.909036198,5629751.17024809
147,BAH,17,4,0,130.3,44.5,426441.900287532,5629751.16601846
148,BAH,34.5,1,0,129.6,59.6,426442.645755715,5629766.32061576
149,GBI,38,1,0,122.6,60.9,426435.77589175,5629768.28936798
150,BAH,22,3,0,123.7,63.8,426437.152485775,5629771.08173231
151,WLI,8.5,5,0,124.1,65.1,426437.676552561,5629772.34239075
152,WLI,7,5,0,123.7,65.8,426437.343862473,5629773.08009197
153,BAH,24,3,0,126.8,67.3,426440.584852473,5629774.28222783
154,BAH,22,2,0,123.3,69,426437.250393256,5629776.31574277
155,SEI,31,1,0,122.5,65.7,426436.13527784,5629773.095
156,BAH,10.5,5,0,118.8,71,426432.945460713,5629778.7447
157,BAH,22,1,0,121.2,72.2,426435.458318326,5629779.71406376
158,GBI,26,1,0,122.6,75.5,426437.172941641,5629782.87739351
159,BAH,20,3,0,119.2,73.2,426433.555647012,5629780.90462029
160,WLI,26,1,0,119.4,77.9,426434.205218218,5629785.58162783
161,WLI,22.5,3,0,118.8,81.4,426433.940619539,5629789.13617024
162,WLI,12,4,0,120,83.1,426435.30230553,5629790.71994994
163,WLI,8.5,5,0,119.6,84.6,426435.04616612,5629792.25699503
164,WLI,10.5,5,0,119.2,86.1,426434.790026711,5629793.79404011
165,WLI,12.5,5,0,117.5,85.9,426433.072283328,5629793.75687434
166,WLI,20,3,0,116.1,87.2,426431.797826417,5629795.18977181
167,GBI,31,1,0,115.9,82.6,426431.157824047,5629790.61268225
168,GBI,23.5,1,0,113.4,90.5,426429.415812424,5629798.74542379
169,SEI,30,1,0,111.8,93.9,426428.142465079,5629802.29573658
170,GBI,23.5,1,0,111.9,97.8,426428.615567622,5629806.18296908
171,SEI,10,5,0,111.4,98.6,426428.192528386,5629807.03015712
172,BAH,17.5,4,0,111.8,99.5,426428.678319832,5629807.89114363
173,GBI,11,4,0,111.4,102,426428.517868771,5629810.42736855
174,GBI,18,2,0,107.8,102.3,426424.949527883,5629811.07160055
175,GBI,23.5,1,0,103.7,102,426420.82418407,5629811.16416883
176,BAH,10,5,0,103.7,100.8,426420.709358052,5629809.96515304
177,GBI,21,1,0,103.8,99.4,426420.675312347,5629808.55673244
178,BAH,8.5,5,0,104.6,95.7,426421.120609322,5629804.78321638
179,GBI,22,1,0,104.2,95.3,426420.68266205,5629804.42181979
180,SEI,17.5,4,0,109.8,92.5,426426.010141728,5629801.08826151
181,SEI,13,5,0,110.2,91.8,426426.342831817,5629800.35056029
182,BAH,18,4,0,108.6,82.9,426423.892517783,5629791.61096115
183,GBI,20,3,0,112.6,86.1,426428.195439824,5629794.42558321
184,WLI,15.5,5,0,114.1,85.6,426429.646365397,5629793.78246077
185,BAH,24,3,0,113.2,82.2,426428.421763163,5629790.47136886
186,BAH,29.5,1,0,111.7,76,426426.329725654,5629784.41998643
187,BAH,23.5,2,0,116.9,75.3,426431.458478933,5629783.22298114
188,SEI,19,2,0,115.1,68.3,426428.990136796,5629776.40096135
189,BAH,17.5,3,0,118.8,69.5,426432.80192819,5629777.24593025
190,BAH,31.5,1,0,115.9,67,426429.665085807,5629775.02547689
191,BAH,11,5,0,116.9,63.1,426430.291081079,5629771.0329872
192,BAH,18,4,0,118.1,59.6,426431.155187656,5629767.42103177
193,BAH,26,1,0,118.9,58.9,426431.887549677,5629766.64505521
194,BAH,37,1,0,122.1,53.5,426434.568208054,5629760.9432814
195,GES,36,2,0,124.6,50.4,426436.769523751,5629757.60660305
196,BAH,36,2,0,127.1,42.2,426438.48282887,5629749.17410756
197,GES,40.5,1,0,126.6,37.9,426437.571779055,5629744.92547846
198,GES,37,1,1,120.9,39.3,426432.010417704,5629746.86975382
199,BAH,34.5,1,0,117.3,47,426429.150170597,5629754.90791657
200,BAH,30,2,0,114.7,43.1,426426.179118476,5629751.25990494
201,BAH,29,1,0,112.4,47.8,426424.330740103,5629756.17613335
202,BAH,16.5,4,0,118.6,52,426430.927546121,5629759.77942088
203,WLI,16,5,0,111.4,56.4,426424.15448007,5629764.86476824
204,GBI,28,2,0,108.8,55.5,426421.470492995,5629764.2142961
205,BAH,41,1,0,112.8,59.2,426425.82125921,5629767.52850808
206,BAH,7.5,5,0,111.5,61.2,426424.713702127,5629769.6512626
207,BAH,10,5,0,107.3,59.1,426420.316201304,5629767.95487602
208,GBI,33,2,0,105.4,70.4,426419.499037965,5629779.42741597
209,sonst RKA,11,5,0,108.2,65.6,426421.837437418,5629774.36342541
210,BAH,34.5,1,0,109.2,65.9,426422.865323754,5629774.56749101
211,BAH,30,1,0,112.1,68.9,426426.050010311,5629777.28753429
212,BAH,10,5,0,108.5,67.5,426422.31899923,5629776.23316058
213,BAH,7,5,0,106.8,72.9,426421.1371106,5629781.79140186
214,BAH,31.5,1,0,109.3,73.1,426423.654197848,5629781.75201696
215,BAH,11,5,0,104.7,75.6,426419.297191496,5629784.69013294
216,BAH,17,5,0,102.7,72.9,426417.040473292,5629782.18372409
217,BAH,10,5,0,102.1,75.3,426416.67061743,5629784.6391687
218,GBI,34,1,0,103.8,80.1,426418.828527217,5629789.27256169
219,WLI,13.5,5,0,106.4,83,426421.703890989,5629791.9213935
220,BAH,34,1,0,105.2,85.1,426420.705820724,5629794.13449716
221,GBI,15.5,4,0,104.6,87.3,426420.316827193,5629796.3901058
222,BAH,8,5,0,103.6,87.8,426419.365491536,5629796.98538406
223,WLI,8.5,5,0,103.2,86.2,426418.812718245,5629795.42497167
224,BAH,7.5,5,0,101.7,86.1,426417.304379663,5629795.46858621
225,BAH,10,5,0,102.3,84.7,426417.769923874,5629794.01232144
226,WLI,9,5,0,102.2,84.5,426417.650868221,5629793.82205431
227,WLI,10.5,5,0,100.3,84,426415.704582367,5629793.50427226
228,WLI,12.5,5,0,99.7,81.6,426414.875422432,5629791.16365367
229,sonst SAH,29.5,1,1,101.8,88.4,426417.624380849,5629797.75713099
230,BAH,21,3,0,99.3,94.1,426415.671854858,5629803.6916769
231,GBI,10,5,0,97.7,93.5,426414.015754119,5629803.24527036
232,GBI,23.5,1,0,97.6,93.3,426413.896698466,5629803.05500323
233,BAH,15,4,0,97.7,91.1,426413.786102082,5629800.84723877
234,GBI,19.5,1,0,100.2,99.3,426417.068696119,5629808.80129251
235,GBI,29.5,1,0,92.1,97.5,426408.803100458,5629807.77784444
236,BAH,24,2,0,93.7,91.1,426409.789382757,5629801.22999216
237,BAH,22.5,2,0,95.5,87.4,426411.233859563,5629797.36078776
238,WLI,9.5,5,0,98.2,82.8,426413.491478703,5629792.50620199
239,BAH,16.5,4,0,97.5,82.6,426412.772915152,5629792.37334787
240,GBI,27,1,0,97.8,80.3,426412.852585899,5629790.04652775
241,WLI,9.5,5,0,96.3,78.3,426411.162439455,5629788.19170061
242,WLI,12.5,5,0,97.8,75.9,426412.431557165,5629785.6501365
243,BAH,9.5,5,0,98.8,72.8,426413.134103115,5629782.45699067
244,GBI,36,1,0,99.3,70,426413.365765654,5629779.61144297
245,BAH,16,4,0,99.2,68.8,426413.151021653,5629778.421996
246,BAH,7.5,5,0,100.7,66.3,426414.410570528,5629775.7805139
247,BAH,14,4,0,101.7,65.2,426415.304493176,5629774.58572774
248,WLI,8,5,0,99.6,63.5,426413.043545337,5629773.08806756
249,GBI,33,1,1,100.6,62.7,426413.966174489,5629772.19303535
250,BAH,38,1,1,103.4,54.9,426416.017508897,5629764.13150529
251,BAH,27,2,0,105.6,50.6,426417.804244626,5629759.62451764
252,BAH,18,2,0,108.5,49,426420.548764779,5629757.7483337
253,BAH,20.5,4,0,108.7,47.8,426420.633774727,5629756.53018024
254,BAH,27,3,0,110.4,40.9,426421.672130834,5629749.47316921
255,BAH,7.5,5,0,108.7,41,426419.983093956,5629749.73575738
256,GES,37,1,0,110.4,31.1,426420.734385017,5629739.68120686
257,GES,37.5,1,1,107.4,38,426418.397095129,5629746.86261274
258,BAH,22,5,0,103.9,42.8,426415.359269793,5629751.99358515
259,BAH,20,3,0,105,45.8,426416.745432654,5629754.88586746
260,BAH,22.5,2,0,100.7,50.3,426412.879556949,5629759.7936366
261,BAH,35,1,0,98.2,52.4,426410.582552903,5629762.13113512
262,BAH,9,5,0,100,57.2,426412.840380673,5629766.75495928
263,GBI,30.5,1,0,95.9,60,426409.011670741,5629769.94498504
264,BAH,30,2,0,94.3,63.9,426407.786167571,5629773.99488774
265,BAH,10,5,0,95.6,65.7,426409.257340379,5629775.66901658
266,GBI,23,2,0,96.8,66.3,426410.513769186,5629776.15369846
267,GBI,38,1,0,94.6,71,426408.765308796,5629781.06035804
268,BAH,20.5,4,0,92.7,72.2,426406.981693135,5629782.4411817
269,BAH,7.5,5,0,93.3,76.2,426407.963954429,5629786.38048801
270,WLI,8.5,5,0,89.6,76.4,426404.286126723,5629786.93437087
271,BAH,28.5,2,0,89,76.2,426403.667481154,5629786.79194791
272,BAH,12,5,0,87.6,80.1,426402.64181395,5629790.82271294
273,GBI,30,1,0,93.3,78.4,426408.174468796,5629788.57868364
274,BAH,25.5,3,0,94.2,82.2,426409.437346369,5629792.28944749
275,GBI,36,1,0,92.1,83.7,426407.482601246,5629793.98916277
276,WLI,17,4,0,89.8,81.6,426404.983542102,5629792.11096832
277,BAH,31.5,2,0,87.4,84.2,426402.834300214,5629794.93848792
278,BAH,14,5,0,92.2,87.1,426407.907859615,5629797.37680536
279,BAH,26,2,0,91,88.2,426406.814101001,5629798.59072919
280,BAH,20.5,2,0,88.3,89.2,426404.212003805,5629799.84826756
281,GBI,25,1,0,88.7,93.2,426404.994429133,5629803.80671155
282,BAH,31,1,0,85.7,94.3,426402.102146822,5629805.19287441
283,BAH,8.5,5,0,86,93.6,426402.334918928,5629804.46474202
284,BAH,25,2,0,81.3,92.3,426397.514378867,5629803.61554348
285,BAH,7.5,5,0,79.3,92.4,426395.52558804,5629803.90683816
286,BAH,13.5,5,0,80.6,90.2,426396.614007453,5629801.58424768
287,SEI,29,1,0,82.9,82.9,426398.21359612,5629794.07015171
288,BAH,35,1,0,83,78.1,426397.854210029,5629789.26451968
289,GBI,27.5,1,0,87.3,72.8,426401.643535055,5629783.55740668
290,BAH,13.5,4,0,88.7,71.7,426402.937129636,5629782.32434518
291,GBI,34,1,0,89.8,69.2,426403.797006578,5629779.72113841
292,BAH,32,1,0,91.1,61.6,426404.368708909,5629772.00297684
293,BAH,30,3,1,93.1,55.1,426405.745094305,5629765.31693124
294,BAH,12.5,5,0,95,48.9,426407.050268222,5629758.94020843
295,BAH,16,4,0,97,47.2,426408.885957692,5629757.05022602
296,GBI,15.5,4,0,97.2,45.7,426408.942261135,5629755.5323186
297,BAH,33,1,0,95,45.3,426406.705790167,5629755.34316103
298,BAH,9.5,5,0,97.9,45.5,426409.622549347,5629755.26550079
299,BAH,27.5,2,0,100.3,45.8,426412.049287447,5629755.3356027
300,BAH,10,5,0,98.6,42.9,426410.073185522,5629752.60065138
301,GES,38.5,1,0,99.2,39.1,426410.309077696,5629748.74635502
302,BAH,8.5,5,0,100.4,38.6,426411.460249319,5629748.13193908
303,BAH,8.5,5,0,101.1,38.4,426412.140537531,5629747.86512127
304,GES,19,4,0,101.8,37.8,426412.782550404,5629747.19863153
305,GES,18.5,2,0,99.4,34,426410.020903084,5629743.63140021
306,sonst EBE,7,5,0,98.8,33.6,426409.383119846,5629743.28914128
307,BAH,21,4,0,97.8,32.6,426408.288251666,5629742.3856498
308,BAH,29,3,0,100.3,28,426410.34603484,5629737.55020171
309,BAH,8.5,5,0,101,26.9,426410.940203538,5629736.38412205
310,GES,19.5,1,0,96.4,28.9,426406.535353012,5629738.82264811
311,GES,21,1,0,94.4,34.3,426405.053710432,5629744.4095959
312,GES,23.5,1,0,92.2,34.6,426402.884221308,5629744.91986422
313,BAH,33,2,0,93.8,42.8,426405.267553497,5629752.96003747
314,BAH,32.5,1,0,88.8,40.6,426400.061139974,5629751.24028359
315,BAH,29.5,2,0,88.4,45.4,426400.120772115,5629756.07462212
316,BAH,37.5,2,0,87.6,49.6,426399.723319315,5629760.34772809
317,BAH,12.5,5,0,84.7,47.2,426396.596045767,5629758.22719271
318,BAH,30,2,0,84.8,52.9,426397.241387338,5629763.91294891
319,BAH,9.5,5,0,86.4,56.2,426399.155846619,5629767.05714099
320,BAH,29,1,0,85.4,56.7,426398.204510962,5629767.65241926
321,BAH,26.5,2,0,83.3,59.4,426396.364591858,5629770.55115034
322,BAH,27,2,0,85.9,65.5,426399.546158346,5629776.3973576
323,GBI,24,1,0,83,67.9,426396.878188872,5629779.07288541
324,WLI,13.5,5,0,80.8,75,426395.359380519,5629786.37757657
325,BAH,14.5,4,0,79.2,76.9,426393.942500652,5629788.42911961
326,BAH,20.5,4,0,78.3,74.3,426392.794449097,5629785.91737156
327,GBI,40,1,0,77.9,72.3,426392.203400467,5629783.95728724
328,GBI,22,1,0,75.5,78.7,426390.417774304,5629790.5816902
329,sonst RBU,15.5,5,0,73.8,82.1,426389.044508976,5629794.14157182
330,BAH,13.5,5,0,75.7,86.6,426391.373548225,5629798.4560732
331,GBI,13.5,2,0,76.9,87.7,426392.677821206,5629799.44034499
332,BAH,10.5,5,0,77.2,90.2,426393.216796027,5629801.90958807
333,GBI,28,1,0,78,89.3,426393.930020378,5629800.93377554
334,BAH,16,4,0,74.7,88.2,426390.527469751,5629800.15044928
335,BAH,30.5,2,0,71.8,86.9,426387.505453387,5629799.12901171
336,GBI,22,1,0,71.7,82.3,426386.965369,5629794.54235332
337,GBI,23,1,0,69,82.8,426384.31542763,5629795.30030177
338,BAH,8.5,5,0,69.3,82.2,426384.55776857,5629794.67208737
339,BAH,31,3,0,71.9,77.6,426386.715469728,5629789.82707044
340,GBI,14,3,0,72.1,75.8,426386.743066666,5629788.00940907
341,BAH,17.5,4,0,73.1,74.3,426387.598713974,5629786.41495098
342,GES,38.5,1,0,73.6,70.4,426387.72511933,5629782.47030546
343,BAH,31,2,0,70.4,70,426384.48946853,5629782.37683624
344,BAH,9.5,5,0,72.6,67,426386.400599113,5629779.16878238
345,BAH,20,4,0,74.8,66.4,426388.541381733,5629778.35876012
346,BAH,40,1,0,74.1,64.2,426387.631441484,5629776.22754633
347,BAH,42.5,1,0,80.8,59.9,426393.914486454,5629771.28996112
348,BAH,22.5,2,0,75.9,55.8,426388.626183051,5629767.66219672
349,BAH,22,2,0,78.5,53.2,426390.975260906,5629764.81553946
350,BAH,23,2,0,81.3,53.4,426393.792102103,5629764.74744804
351,BAH,11.5,5,0,80,50.5,426392.215672111,5629761.97422139
352,BAH,27.5,1,0,82.4,49.3,426394.498877688,5629760.54555355
353,BAH,33.5,1,0,84,44.7,426395.657399014,5629755.79622497
354,BAH,11,5,0,84.6,44.1,426396.199493903,5629755.13930406
355,GES,30,1,0,75.5,45.3,426387.221783457,5629757.20908383
356,GES,20.5,3,0,78.4,43.1,426389.9088906,5629754.73339199
357,GES,19,2,0,80.9,40.4,426392.148481637,5629751.79638558
358,GES,22,2,0,85.2,40.6,426396.464092581,5629751.58476164
359,BAH,16,5,0,87.3,41.4,426398.638920906,5629752.18315998
360,GES,35.5,1,0,83.3,34.3,426393.962814305,5629745.47173657
361,GES,24,1,0,87.8,33.5,426398.382572867,5629744.24179514
362,GES,31,1,0,87.4,29.5,426397.60014754,5629740.28335115
363,GES,25.5,2,0,90.7,29.2,426400.868734478,5629739.66782565
364,GES,13.5,5,0,87.9,25.2,426397.688277556,5629735.9390337
365,BAH,32.5,2,0,84.1,23.8,426393.757430509,5629734.90379766
366,GES,11,5,0,85.4,21.5,426394.836281087,5629732.4812892
367,GES,16,5,0,81.2,20.2,426390.515330943,5629731.58424648
368,GES,23,2,0,78.3,22.9,426387.876067973,5629734.55952824
369,GES,11.5,5,0,76.9,20.7,426386.266701843,5629732.4952963
370,GES,20,2,0,75.3,22,426384.792408966,5629733.94733144
371,GES,25.5,1,0,80.5,27.4,426390.504861171,5629738.84532311
372,GES,19.5,3,0,81.2,29.4,426391.395663751,5629740.77670093
373,GES,20.5,2,0,79,32.3,426389.474964333,5629743.88483681
374,GES,24.5,1,0,74.9,30.4,426385.196519163,5629742.37871736
375,GES,32,1,0,73,34.2,426383.661693208,5629746.35740858
376,GBI,26,1,0,70.4,44.6,426382.058984473,5629756.99766853
377,GES,21.5,1,0,69.1,46.9,426380.980133895,5629759.420177
378,GES,12,3,0,68.7,51.3,426381.001490697,5629763.85484359
379,GES,17.5,2,0,67.9,55.2,426380.575331391,5629767.82819561
380,GES,28.5,1,0,64.3,54.8,426376.940008659,5629767.77300174
381,GES,24.5,2,0,64.8,60.5,426377.985022163,5629773.4204826
382,GBI,38,1,0,70.4,61.4,426383.666548732,5629773.7838897
383,GES,29,1,0,64,64.9,426377.606707032,5629777.89342454
384,GES,10,5,1,61.5,62.6,426374.888674252,5629775.8345318
385,GES,42.5,1,0,59,64.3,426372.553394866,5629777.77235838
386,GES,41.5,1,0,57.2,68.6,426371.166331069,5629782.24107068
387,BAH,25,3,0,60.3,75.4,426374.914469318,5629788.73885966
388,BAH,34.5,1,0,62,77,426376.766176389,5629790.17487719
389,BAH,16.5,4,0,62,80.7,426377.120223279,5629793.87184257
390,GBI,19,1,0,61,82.5,426376.293282475,5629795.76605461
391,BAH,21,2,0,59.3,79.4,426374.298042881,5629792.83126733
392,BAH,25.5,3,0,56.6,77.8,426371.447155979,5629791.49093814
393,BAH,22,2,0,55.6,80.3,426370.687197019,5629794.08457607
394,BAH,22,3,0,53.1,79,426368.064852588,5629793.02486316
395,BAH,12,5,0,55.3,77,426370.071671519,5629790.81598913
396,BAH,14.5,5,0,50.9,76.3,426365.608298418,5629790.53759198
397,GES,27,2,0,47.1,76.5,426361.830552728,5629791.10104367
398,GES,12,5,0,46.1,76.7,426360.850510567,5629791.39656799
399,GES,8.5,5,0,46.3,72,426360.600611294,5629786.68128511
400,GES,26,1,0,45.9,70.8,426360.086113343,5629785.52054465
401,GES,18,5,0,49.8,69.2,426363.829813327,5629783.54867236
402,GES,37.5,1,0,52.6,68.8,426366.589241515,5629782.88107305
403,GES,28,1,0,51.1,64.3,426364.659874199,5629778.52829634
404,GES,19,4,0,57.9,58.9,426370.937579969,5629772.48204448
405,GBI,17,3,0,62.3,54.6,426374.922511327,5629767.76454247
406,GES,45.5,1,0,53.1,53,426365.576955521,5629767.04618755
407,GBI,17,3,0,55.1,48,426367.09687344,5629761.85891169
408,GES,25.5,2,0,55.5,45.2,426367.228617997,5629759.02293283
409,GES,13,5,0,56.3,45.8,426368.085374871,5629759.54589005
410,GBI,31,1,0,61.4,48.1,426373.401275212,5629761.35599308
411,sonst EBE,9,5,0,64.9,48.6,426376.946248796,5629761.52067377
412,GBI,34,1,0,63.9,46.3,426375.726985763,5629759.31824851
413,GES,10,5,0,62,45.6,426373.761562239,5629758.80063049
414,GBI,20,1,0,59.9,41.1,426371.232687025,5629754.50526678
415,GES,20,2,0,63.6,38.5,426374.680862694,5629751.55335233
416,GES,20,1,0,65,40.7,426376.290228825,5629753.61758427
417,GBI,16.5,2,0,67.9,42.1,426379.321814023,5629754.73893982
418,GBI,26,1,0,66.4,38.5,426377.478566221,5629751.28542496
419,GES,33,1,0,68.3,25.7,426378.152197037,5629738.31411525
420,GES,17,2,0,68.7,23.7,426378.360492272,5629736.27748025
421,GES,16,4,0,71.7,20,426381.003984876,5629732.29344983
422,GES,20.5,3,0,62.9,12.7,426371.512677415,5629725.84149453
423,GES,19.5,3,0,61.3,12.7,426369.913989685,5629725.99459589
424,GES,18,3,0,61.5,17.9,426370.611405065,5629731.17119334
425,GES,37,1,0,62.3,21.6,426371.76479582,5629734.79160804
426,GES,11,5,0,58.9,20.4,426368.252758375,5629733.91793262
427,GES,13,4,0,60.4,20.8,426369.789803461,5629734.17407203
428,GES,26.5,2,0,57.8,23,426367.402450267,5629736.62105737
429,GES,13,4,0,57,25.7,426366.861464944,5629739.39539359
430,GBI,28.5,1,0,56.3,32.5,426366.812719833,5629746.25679829
431,GES,28.5,1,0,61.3,33,426371.856463164,5629746.27794646
432,GBI,36.5,1,0,53.2,40.7,426364.499906816,5629754.74670679
433,GES,29.5,1,0,45.8,52.6,426358.244667414,5629767.34504056
434,GES,22,2,0,46.2,58.6,426359.218469438,5629773.30184421
435,GES,24.5,1,0,45.8,60.9,426359.038880708,5629775.63823316
436,GES,16,5,0,43,66.9,426356.815307273,5629781.90123952
437,GES,33,1,0,42.5,74.7,426357.062086477,5629789.74268638
438,sonst VKI,7,5,0,40.2,76.2,426354.907505388,5629791.46153933
439,GES,17,3,0,36.5,74.7,426351.067007489,5629790.31681647
440,GES,37,1,0,39,68.2,426352.942982801,5629783.5829267
441,BAH,49,1,0,34.2,66.9,426348.022524757,5629782.74329699
442,GES,20,4,0,38,64.6,426351.599324914,5629780.08156765
443,GES,30.5,1,0,36.6,61.8,426349.932545774,5629777.41782781
444,GES,29.5,1,0,41.2,59.6,426354.318258631,5629774.77946578
445,GES,10,5,0,40.5,60.3,426353.685814593,5629775.54587351
446,GES,16.5,2,0,41.7,56.5,426354.521214665,5629771.63416413
447,GES,26.5,1,0,39,55.7,426351.746878442,5629771.09317881
448,GES,10,5,0,38,53.2,426350.508477739,5629768.69091758
449,GES,8,5,0,41.5,50.7,426353.766386277,5629765.85805878
450,GES,30.5,1,0,37.2,46.5,426349.068021938,5629762.07296339
451,GES,16,5,0,39.3,42.7,426350.802683858,5629758.0751345
452,GES,35,1,0,42.4,44.7,426354.091518033,5629759.77686028
453,GBI,24,1,0,49.6,34.6,426360.319160496,5629748.99618787
454,GBI,21.5,2,0,52,30.5,426362.324869861,5629744.66989853
455,GBI,25.5,1,0,54.3,28.6,426364.441175611,5629742.55137364
456,GES,31,1,0,55.9,17.3,426364.958585,5629731.10754019
457,GES,8,5,0,56.3,16,426365.233862079,5629729.77033107
458,GES,11,4,0,54.1,14.9,426362.930409267,5629728.88174763
459,GES,17,3,0,49.1,14.4,426357.886665936,5629728.86059945
460,GES,10,5,0,50.4,18.3,426359.558784277,5629732.63300594
461,GBI,20,2,0,47.4,18.6,426356.589951288,5629733.21982494
462,GBI,21,1,0,49.9,21.8,426359.394103582,5629736.17797953
463,GBI,20,1,0,47.1,21.9,426356.605968889,5629736.54582489
464,GBI,16,3,0,48.9,25.4,426358.739401806,5629739.87071527
465,GBI,21.5,1,0,46.2,27.7,426356.261699463,5629742.42718742
466,GBI,16,2,0,42.5,31.8,426352.957056317,5629746.87787162
467,GES,30,1,0,39.3,34.5,426350.018039399,5629749.88185988
468,GBI,14.5,4,0,39.7,32.1,426350.188059294,5629747.44555295
469,GES,36,1,0,33,46.9,426344.909741986,5629762.87452638
470,GES,20,3,0,29.4,55.2,426342.106907888,5629771.51219704
471,GES,25,1,0,31.5,55.7,426344.253029708,5629771.81084142
472,GES,29.5,NA,0,29.6,58.7,426342.641653074,5629774.99018878
473,GES,26,2,0,28.6,62,426341.958244794,5629778.38317057
474,GES,16.5,4,0,32,63.6,426345.508557578,5629779.65651792
475,GES,31,1,0,30.1,65.5,426343.791923761,5629781.73676746
476,GES,12.5,5,0,28.9,65,426342.545063789,5629781.35200356
477,GES,11,5,0,31.1,67.3,426344.96334262,5629783.43960281
478,GES,22,1,0,26.3,71.2,426340.54046399,5629787.79570822
479,GES,15,5,0,24.7,67.9,426338.626004709,5629784.65151614
480,GES,15,2,0,23.7,67.3,426337.569411869,5629784.14769659
481,GES,11.5,5,0,23.4,66.8,426337.221813745,5629783.67681317
482,GES,9,5,0,23.1,62.6,426336.520168731,5629779.50896439
483,GES,28,1,0,24.1,62,426337.461935553,5629778.81376814
484,GES,12,5,0,26,54.9,426338.680989957,5629771.53778348
485,GES,25.5,1,0,25.5,53.7,426338.066574022,5629770.38661185
486,GES,17,3,0,29.3,51.9,426341.691218354,5629768.22447243
487,GES,24.5,1,0,29.1,48.2,426341.137335497,5629764.54664472
488,GES,31,1,0,29.2,43.3,426340.768380572,5629759.64109472
489,GES,36,1,0,31.6,34.5,426342.324354698,5629750.61866016
490,GES,16,5,0,30.7,29.7,426340.965788776,5629745.90871649
491,GBI,23,1,0,33.8,28.5,426343.948420235,5629744.41306681
492,GBI,23,1,0,34.8,26.7,426344.775361038,5629742.51885477
493,GBI,19.5,2,0,37.6,23,426347.219017676,5629738.55396201
494,GBI,28.5,1,0,42.4,25.3,426352.235164068,5629740.39277155
495,GBI,16,2,0,40.1,20.9,426349.516021722,5629736.2164635
496,GBI,20.5,2,0,42.8,21.4,426352.26165144,5629736.45769487
497,GBI,12.5,5,0,44.4,23.7,426354.080422372,5629738.60270712
498,GES,23,1,0,45.1,14.7,426353.918653116,5629729.5431068
499,GES,20.5,2,0,43.6,14.4,426352.391176864,5629729.38688537
500,GES,22.5,3,0,45.4,8.3,426353.606001634,5629723.11964937
501,GES,18.5,2,0,40.7,6.3,426348.718479729,5629721.57102495
502,GES,13,4,0,40.6,9.6,426348.934333297,5629724.87788723
503,GES,18.5,2,0,37.7,10.3,426346.10369363,5629725.85480932
504,GES,7.5,5,0,38.2,7.3,426346.3162185,5629722.80942565
505,GBI,18.5,1,0,38,13.4,426346.700081461,5629728.92356029
506,GES,21,2,0,33.8,12.6,426342.42697549,5629728.52610749
507,GES,15,2,0,33.2,15.4,426342.095394968,5629731.38122403
508,GES,19.5,3,0,34.7,18.9,426343.929073935,5629734.73482092
509,GBI,32,1,0,30.1,20.1,426339.44767273,5629736.37400312
510,GBI,26.5,2,0,29.9,23.7,426339.592314819,5629739.99018818
511,GBI,26.5,2,0,27.1,26,426337.014694493,5629742.55622917
512,GES,24,1,0,24.4,29.6,426334.661387004,5629746.4116351
513,GES,25,1,0,23.2,39.6,426334.419254694,5629756.51825943
514,GES,21.5,2,0,22.7,43.6,426334.302418173,5629760.56282293
515,GES,12,5,0,20.4,42.9,426331.937322717,5629760.08348025
516,GES,15.5,5,0,18.8,42.3,426330.281221978,5629759.63707371
517,GES,21.5,2,0,19.1,43,426330.647957771,5629760.30779309
518,GES,9,5,0,17.9,44.6,426329.602043332,5629762.02130684
519,GES,21,2,0,19.3,44.7,426331.01046393,5629761.98726113
520,GES,25.5,1,0,21.9,46.2,426333.751864015,5629763.23724117
521,GES,22,2,0,22.2,49.8,426334.396096019,5629766.80558206
522,GES,31.5,1,0,18,48.6,426330.08471471,5629766.00845733
523,GES,23,2,0,16.9,52.9,426329.397076795,5629770.41018779
524,GES,30,1,0,18.6,57.3,426331.516711242,5629774.64390885
525,GES,20,3,0,16.6,57.6,426329.547058084,5629775.1350395
526,GES,20,3,0,14.8,55.4,426327.538020021,5629773.1090829
527,GES,30,1,0,18.3,65.8,426332.030308257,5629783.16564392
528,GES,32,1,0,13.1,65.6,426326.815435464,5629783.46338737
529,GES,21.5,3,0,12.7,62.1,426326.080854311,5629780.0045333
530,GES,18,4,0,9.2,63.1,426322.679413251,5629781.33862235
531,GES,14,5,0,8.6,62.6,426322.032061177,5629780.89644544
532,GES,12,5,0,7,62.3,426320.404666943,5629780.74979285
533,GES,27,1,0,5.4,59.7,426318.557189506,5629778.30502665
534,GES,23.5,2,0,2.7,59.5,426315.840266292,5629778.36354922
535,GES,17,2,0,3,57.9,426315.986918883,5629776.73615499
536,GES,15,4,0,7.6,58.3,426320.621421447,5629776.69566052
537,GES,24,1,0,9.2,57.8,426322.172265002,5629776.04296924
538,GES,16,4,0,10,58.4,426323.029021877,5629776.56592646
539,GES,18,2,0,10.6,56.3,426323.427584243,5629774.41023581
540,GES,21,3,0,13,53.1,426325.519413122,5629770.98320831
541,GES,10.5,5,0,11.9,52.5,426324.362902299,5629770.4889576
542,GES,8.5,5,0,12.4,48.7,426324.498876489,5629766.64423006
543,GES,70,1,0,11.6,48.1,426323.642119615,5629766.12127284
544,GES,16,4,0,14.5,48.1,426326.539741126,5629765.84377663
545,GES,21,2,0,14.1,43.5,426325.699902789,5629761.28582475
546,GES,23,3,0,12.2,41.9,426323.648359752,5629759.86894488
547,GES,11.5,5,0,14.9,42.4,426326.393989471,5629760.11017625
548,GES,7.5,5,0,15.3,41.3,426326.68840422,5629758.9728031
549,GES,26,1,0,18.4,39.5,426329.613622669,5629756.87764552
550,GES,30.5,1,0,14.1,36.4,426325.020515513,5629754.19164795
551,GES,38,1,0,17.9,29.4,426328.147580431,5629746.8337734
552,GES,32,1,0,23.8,23.8,426333.506886683,5629740.67380509
553,GBI,20.5,2,0,25.9,19.2,426335.164997925,5629735.87663233
554,GES,18,2,0,27.3,17,426336.353335321,5629733.54447302
555,GBI,27.5,1,0,24.7,15.6,426333.621504072,5629732.39441096
556,GES,9,5,0,29.5,13.8,426338.245328234,5629730.13658319
557,GBI,9,5,0,27.3,11,426335.779205229,5629727.54939403
558,GES,9,5,0,28.3,9.7,426336.653990207,5629726.1547719
559,GBI,13,4,0,28.9,10.1,426337.291773445,5629726.49703082
560,GES,21.5,1,0,32,10,426340.379662087,5629726.10047896
561,GES,8.5,5,0,30.1,7.6,426338.251568371,5629723.88425523
562,GES,14,3,0,31,6.3,426339.026435366,5629722.49920193
563,GES,14.5,3,0,33.8,7,426341.891120737,5629722.93070044
564,GES,11,5,0,32.5,1.9,426340.104176378,5629717.95927815
565,GBI,26,2,0,116.8,99.2,426433.645512484,5629807.11294794
