"ID_plot","Plotnummer","Flaeche","Rand","Zaun","Rueckegasse","keine.baeume","Flaeche.bedeckt","x","y","n_trees","n_species","n_ash","height_mean","height_median","height_max","height_min","n_ets_new","n_ets_old","n_ets_total","ets_ratio","im_zaun"
"74Sch",74,"Schotten",0,0,0,0,0,509029.51122185,5592018.74879335,95,5,11,191.5,147,1237,5,0,0,0,0,1
"75Sch",75,"Schotten",0,0,0,1,0,509019.840480818,5592020.53282458,0,0,0,NA,NA,NA,NA,0,0,0,NA,1
"76Sch",76,"Schotten",0,0,0,0,0,509018.074289897,5592010.7643993,8,2,1,676.1,447.5,1790,110,0,0,0,0,1
"77Sch",77,"Schotten",0,0,0,0,0,509016.308098976,5592000.99597401,11,4,1,206,215,433,48,0,0,0,0,1
"78Sch",78,"Schotten",0,0,0,0,1,509014.541908054,5591991.22754873,4,4,1,864.8,660,1708,431,0,0,0,0,1
"79Sch",79,"Schotten",0,0,0,0,0,508999.572594258,5591963.7063041,23,5,8,151.2,134,445,56,4,1,4,0.5,1
"80Sch",80,"Schotten",0,0,0,0,0,509001.338785179,5591973.47472939,42,5,12,156.5,143.5,398,50,1,0,1,0.0833333333333333,1
"81Sch",81,"Schotten",0,0,0,0,0,509003.1049761,5591983.24315467,8,4,3,227.8,131.5,775,30,0,0,0,0,1
"82Sch",82,"Schotten",0,0,0,0,0,509004.871167022,5591993.01157996,1,1,0,4340,4340,4340,4340,0,0,0,NA,1
"83Sch",83,"Schotten",0,0,0,0,0,509006.637357943,5592002.78000525,1,1,0,5200,5200,5200,5200,0,0,0,NA,1
"84Sch",84,"Schotten",0,0,0,0,0,509008.403548864,5592012.54843053,3,2,0,155.3,170,196,100,0,0,0,NA,1
"85Sch",85,"Schotten",0,0,0,0,0,509010.169739785,5592022.31685582,11,3,0,582.1,368,1650,60,0,0,0,NA,1
"86Sch",86,"Schotten",0,0,0,0,1,509011.935930706,5592032.0852811,1,1,0,454,454,454,454,0,0,0,NA,1
"87Sch",87,"Schotten",0,0,0,0,0,509002.265189674,5592033.86931234,25,4,2,119.9,74,790,43,0,0,0,0,1
"88Sch",88,"Schotten",0,0,0,0,0,509000.498998753,5592024.10088705,80,4,2,194.7,130,1205,19,0,0,0,0,1
"89Sch",89,"Schotten",0,0,0,1,0,508998.732807831,5592014.33246177,0,0,0,NA,NA,NA,NA,0,0,0,NA,1
"90Sch",90,"Schotten",0,0,0,0,0,508996.96661691,5592004.56403648,16,5,1,170.6,114,911,53,0,0,0,0,1
"91Sch",91,"Schotten",0,0,0,0,0,508995.200425989,5591994.79561119,11,5,4,836.6,407,2323,107,1,1,2,0.5,1
"92Sch",92,"Schotten",0,0,0,0,0,508993.434235068,5591985.02718591,12,4,6,129.2,120.5,245,75,0,2,2,0.333333333333333,1
"93Sch",93,"Schotten",0,0,0,1,0,508991.668044147,5591975.25876062,0,0,0,NA,NA,NA,NA,0,0,0,NA,1
"94Sch",94,"Schotten",1,0,0,1,0,508981.997303114,5591977.04279186,0,0,0,NA,NA,NA,NA,0,0,0,NA,1
"95Sch",95,"Schotten",0,0,0,0,0,508983.763494035,5591986.81121714,80,5,31,129.1,111.5,404,35,3,0,3,0.0967741935483871,1
"96Sch",96,"Schotten",0,0,0,0,0,508985.529684956,5591996.57964243,71,6,22,179,136,733,65,1,0,1,0.0454545454545455,1
"97Sch",97,"Schotten",0,0,0,0,0,508987.295875878,5592006.34806771,13,3,2,141.8,150,220,80,0,0,0,0,1
"98Sch",98,"Schotten",0,0,0,0,0,508989.062066799,5592016.116493,5,4,1,989.2,529,2314,145,1,1,1,1,1
"99Sch",99,"Schotten",0,0,0,0,0,508990.82825772,5592025.88491828,21,3,1,187.5,121,1072,41,1,0,1,1,1
"52Sch",52,"Schotten",0,0,0,0,0,509038.255558389,5591956.57017917,9,3,2,3231.9,2685,6782,207,0,0,0,0,1
"53Sch",53,"Schotten",0,0,0,0,0,509040.02174931,5591966.33860445,9,4,3,754.8,286,3717,164,0,0,0,0,1
"54Sch",54,"Schotten",0,0,0,0,0,509041.787940231,5591976.10702974,20,4,5,774,357,5080,122,1,1,1,0.2,1
"63Sch",63,"Schotten",0,0,0,0,0,509032.117199198,5591977.89106097,13,4,4,1459.1,1112,4152,349,1,1,2,0.5,1
"70Sch",70,"Schotten",0,0,0,0,0,509022.446458166,5591979.67509221,3,2,1,1261,182,3446,155,0,0,0,0,1
"69Sch",69,"Schotten",0,0,0,0,0,509020.680267244,5591969.90666692,8,3,2,1036.6,210,3880,128,0,0,0,0,1
"107Sch",107,"Schotten",1,0,0,1,0,508972.326562081,5591978.82682309,0,0,0,NA,NA,NA,NA,0,0,0,NA,1
"106Sch",106,"Schotten",0,0,0,0,0,508974.092753003,5591988.59524838,75,5,50,161.4,129,904,59,5,0,5,0.1,1
"105Sch",105,"Schotten",0,0,0,0,0,508975.858943924,5591998.36367366,36,5,12,126,109,795,44,3,1,4,0.333333333333333,1
"104Sch",104,"Schotten",0,0,0,0,0,508977.625134845,5592008.13209895,67,4,19,132.7,118,466,45,5,1,6,0.315789473684211,1
"103Sch",103,"Schotten",1,0,0,1,0,508979.391325766,5592017.90052423,0,0,0,NA,NA,NA,NA,0,0,0,NA,1
"102Sch",102,"Schotten",1,0,0,1,0,508981.157516687,5592027.66894952,0,0,0,NA,NA,NA,NA,0,0,0,NA,1
"101Sch",101,"Schotten",1,0,0,1,0,508982.923707609,5592037.4373748,0,0,0,NA,NA,NA,NA,0,0,0,NA,1
"100Sch",100,"Schotten",1,0,0,1,0,508992.594448641,5592035.65334357,0,0,0,NA,NA,NA,NA,0,0,0,NA,1
"55Sch",55,"Schotten",0,0,0,0,0,509043.554131152,5591985.87545503,60,5,11,411.2,248,2440,62,1,0,1,0.0909090909090909,1
"56Sch",56,"Schotten",0,0,0,0,0,509045.320322073,5591995.64388031,10,3,3,208.7,169.5,562,89,1,1,1,0.333333333333333,1
"57Sch",57,"Schotten",0,0,0,0,0,509047.086512995,5592005.4123056,1,1,1,245,245,245,245,1,0,1,1,1
"58Sch",58,"Schotten",0,1,0,1,0,509048.852703916,5592015.18073088,0,0,0,NA,NA,NA,NA,0,0,0,NA,1
"60Sch",60,"Schotten",0,0,0,0,0,509037.415771962,5592007.19633683,22,5,12,276.2,188,1407,95,3,0,3,0.25,1
"61Sch",61,"Schotten",0,0,0,0,0,509035.649581041,5591997.42791155,41,4,2,313,221,1664,99,0,0,0,0,1
"62Sch",62,"Schotten",0,0,0,0,0,509033.88339012,5591987.65948626,18,6,10,343.1,333,743,101,0,0,0,0,1
"64Sch",64,"Schotten",0,0,0,0,0,509030.351008277,5591968.12263569,35,4,8,376.1,327,1044,176,2,1,3,0.375,1
"65Sch",65,"Schotten",0,0,0,0,0,509028.584817356,5591958.3542104,59,5,20,375.3,190,2098,80,0,0,0,0,1
"68Sch",68,"Schotten",0,0,0,0,0,509018.914076323,5591960.13824164,44,3,0,199.2,184,523,44,0,0,0,NA,1
"71Sch",71,"Schotten",0,0,0,0,0,509024.212649087,5591989.44351749,38,5,5,374.1,235,1570,85,2,0,2,0.4,1
"72Sch",72,"Schotten",0,0,0,0,0,509025.978840008,5591999.21194278,34,4,2,274.9,208,1200,56,0,0,0,0,1
"73Sch",73,"Schotten",0,0,1,0,0,509027.745030929,5592008.98036806,8,3,1,86.5,53,236,36,0,0,0,0,1
"35Sch",35,"Schotten",0,0,0,0,0,509072.56635425,5591980.52336133,34,4,2,294,218.5,1061,90,0,0,0,0,1
"36Sch",36,"Schotten",0,0,0,0,0,509070.800163329,5591970.75493604,59,5,1,405.9,310,2096,73,0,0,0,0,1
"37Sch",37,"Schotten",0,0,0,0,0,509069.033972408,5591960.98651075,25,3,0,1263.9,1053,4210,262,0,0,0,NA,1
"38Sch",38,"Schotten",0,0,0,0,0,509067.267781486,5591951.21808547,20,4,1,286.1,195,1440,76,0,0,0,0,1
"39Sch",39,"Schotten",1,0,0,1,0,509065.501590565,5591941.44966018,0,0,0,NA,NA,NA,NA,0,0,0,NA,1
"40Sch",40,"Schotten",1,0,0,1,0,509055.830849533,5591943.23369142,0,0,0,NA,NA,NA,NA,0,0,0,NA,1
"41Sch",41,"Schotten",0,0,0,0,0,509064.661804139,5591992.07581784,14,4,1,294.1,144.5,1136,65,0,0,0,0,1
"42Sch",42,"Schotten",0,0,0,0,0,509066.42799506,5592001.84424313,5,2,0,539.6,406,943,100,0,0,0,NA,1
"43Sch",43,"Schotten",1,0,0,1,0,509058.523444948,5592013.39669965,0,0,0,NA,NA,NA,NA,0,0,0,NA,1
"44Sch",44,"Schotten",0,0,0,0,0,509056.757254027,5592003.62827436,2,2,1,590,590,880,300,0,0,0,0,1
"45Sch",45,"Schotten",0,0,0,0,0,509054.991063106,5591993.85984908,64,5,3,170.3,130,1030,38,0,0,0,0,1
"46Sch",46,"Schotten",0,0,0,0,0,509053.224872185,5591984.09142379,66,5,13,156.1,145,730,43,0,1,1,0.0769230769230769,1
"47Sch",47,"Schotten",0,0,0,0,0,509051.458681263,5591974.32299851,30,3,19,174.4,149,670,71,0,1,1,0.0526315789473684,1
"48Sch",48,"Schotten",0,0,0,0,1,509049.692490342,5591964.55457322,3,1,0,4056.7,4180,5500,2490,0,0,0,NA,1
"49Sch",49,"Schotten",0,0,0,0,0,509047.926299421,5591954.78614794,1,1,1,215,215,215,215,0,0,0,0,1
"17Sch",17,"Schotten",0,0,0,0,0,509093.674027236,5591986.72372414,15,2,0,133.7,124,191,88,0,0,0,NA,1
"18Sch",18,"Schotten",0,0,0,0,0,509091.907836315,5591976.95529886,9,4,0,1266.1,620,3130,368,0,0,0,NA,1
"19Sch",19,"Schotten",0,0,0,0,0,509090.141645394,5591967.18687357,1,1,1,209,209,209,209,0,0,0,0,1
"20Sch",20,"Schotten",0,0,0,1,0,509088.375454473,5591957.41844829,0,0,0,NA,NA,NA,NA,0,0,0,NA,1
"21Sch",21,"Schotten",0,0,1,0,0,509086.609263552,5591947.650023,21,6,2,651.2,605,1620,151,0,0,0,0,1
"22Sch",22,"Schotten",0,0,0,0,0,509084.84307263,5591937.88159772,3,1,0,1184,1340,1718,494,0,0,0,NA,1
"23Sch",23,"Schotten",0,0,0,0,0,509075.172331598,5591939.66562895,3,2,0,67,54,101,46,0,0,0,NA,1
"24Sch",24,"Schotten",0,0,0,0,0,509076.938522519,5591949.43405424,28,6,5,246.1,206.5,741,82,0,0,0,0,1
"25Sch",25,"Schotten",0,0,0,0,0,509078.70471344,5591959.20247952,55,5,10,368.4,270,1364,89,0,2,2,0.2,1
"26Sch",26,"Schotten",0,0,1,0,0,509080.470904361,5591968.97090481,99,5,14,206.8,137,1450,53,0,1,1,0.0714285714285714,1
"27Sch",27,"Schotten",0,0,1,0,0,509082.237095283,5591978.73933009,8,3,0,289.5,155.5,704,96,0,0,0,NA,1
"28Sch",28,"Schotten",0,0,0,0,0,509084.003286204,5591988.50775538,34,6,3,502.9,337.5,2280,94,0,0,0,0,1
"29Sch",29,"Schotten",0,0,0,0,0,509085.769477125,5591998.27618066,16,3,1,352.3,242,1728,95,0,0,0,0,1
"30Sch",30,"Schotten",0,0,0,1,0,509087.535668046,5592008.04460595,0,0,0,NA,NA,NA,NA,0,0,0,NA,1
"31Sch",31,"Schotten",0,0,0,0,0,509089.301858967,5592017.81303123,24,3,4,503.8,325.5,1801,66,0,0,0,0,1
"32Sch",32,"Schotten",0,0,1,0,0,509091.068049889,5592027.58145652,8,4,2,356.5,216.5,1104,82,0,0,0,0,1
"33Sch",33,"Schotten",0,0,0,0,0,509092.83424081,5592037.3498818,7,1,0,1645.9,649,5330,177,0,0,0,NA,1
"34Sch",34,"Schotten",0,0,0,0,0,509074.332545171,5591990.29178661,20,7,2,382.9,220.5,1910,95,0,0,0,0,1
"1Sch",1,"Schotten",0,0,0,1,0,509094.513813663,5591936.09756648,0,0,0,NA,NA,NA,NA,0,0,0,NA,1
"2Sch",2,"Schotten",0,0,0,0,0,509096.280004584,5591945.86599177,1,1,1,140,140,140,140,0,0,0,0,1
"3Sch",3,"Schotten",0,0,0,1,0,509098.046195505,5591955.63441705,0,0,0,NA,NA,NA,NA,0,0,0,NA,1
"4Sch",4,"Schotten",0,0,0,0,0,509099.812386427,5591965.40284234,10,3,3,500,93,4200,45,0,0,0,0,1
"5Sch",5,"Schotten",0,0,0,0,0,509101.578577348,5591975.17126762,6,4,1,473,492,542,355,0,0,0,0,1
"6Sch",6,"Schotten",0,0,0,0,0,509103.344768269,5591984.93969291,24,5,5,326.2,184.5,1920,77,0,0,0,0,1
"7Sch",7,"Schotten",0,0,0,0,0,509105.11095919,5591994.7081182,71,5,3,155.4,119,1430,48,0,0,0,0,1
"8Sch",8,"Schotten",0,0,0,0,0,509106.877150111,5592004.47654348,59,5,11,139.8,116,475,64,0,0,0,0,1
"9Sch",9,"Schotten",0,0,0,0,0,509108.643341033,5592014.24496877,3,2,0,3122.7,3280,4250,1838,0,0,0,NA,1
"10Sch",10,"Schotten",0,0,0,0,0,509110.409531954,5592024.01339405,18,3,3,128.7,97,506,49,0,0,0,0,1
"11Sch",11,"Schotten",0,0,0,0,0,509112.175722875,5592033.78181934,8,1,0,1628.4,668,4880,254,0,0,0,NA,1
"12Sch",12,"Schotten",0,0,0,0,0,509102.504981842,5592035.56585057,3,1,0,169.3,200,209,99,0,0,0,NA,1
"13Sch",13,"Schotten",0,0,0,0,0,509100.738790921,5592025.79742529,8,4,1,96,63,294,43,0,0,0,0,1
"14Sch",14,"Schotten",0,0,0,0,0,509098.9726,5592016.029,3,1,0,1102.7,468,2520,320,0,0,0,NA,1
"15Sch",15,"Schotten",0,0,0,0,0,509097.206409079,5592006.26057471,1,1,0,545,545,545,545,0,0,0,NA,1
"16Sch",16,"Schotten",0,0,0,0,0,509095.440218158,5591996.49214943,14,4,0,584.6,221,3270,59,0,0,0,NA,1
"50Sch",50,"Schotten",1,0,0,1,0,509046.1601085,5591945.01772265,0,0,0,NA,NA,NA,NA,0,0,0,NA,1
"51Sch",51,"Schotten",1,0,0,1,0,509036.489367467,5591946.80175388,0,0,0,NA,NA,NA,NA,0,0,0,NA,1
"59Sch",59,"Schotten",0,1,0,1,0,509039.181962883,5592016.96476212,0,0,0,NA,NA,NA,NA,0,0,0,NA,1
"66Sch",66,"Schotten",1,0,0,1,0,509026.818626435,5591948.58578512,0,0,0,NA,NA,NA,NA,0,0,0,NA,1
"67Sch",67,"Schotten",1,0,0,1,0,509017.147885402,5591950.36981635,0,0,0,NA,NA,NA,NA,0,0,0,NA,1
"1Mol",1,"Mollenfelde",0,0,0,0,0,4.69121008619493,85.1459531507008,4,1,0,312,180.5,747,140,0,0,0,NA,0
"2Mol",2,"Mollenfelde",0,0,0,1,0,8.18699236267761,75.764039791476,0,0,0,NA,NA,NA,NA,0,0,0,NA,0
"3Mol",3,"Mollenfelde",0,0,0,1,0,11.6827746391603,66.3821264322512,0,0,0,NA,NA,NA,NA,0,0,0,NA,0
"4Mol",4,"Mollenfelde",0,0,0,1,0,15.178556915643,57.0002130730263,0,0,0,NA,NA,NA,NA,0,0,0,NA,0
"5Mol",5,"Mollenfelde",1,0,0,1,0,18.6743391921256,47.6182997138015,0,0,0,NA,NA,NA,NA,0,0,0,NA,0
"6Mol",6,"Mollenfelde",1,0,0,1,0,31.6458539614254,41.6975569253516,0,0,0,NA,NA,NA,NA,0,0,0,NA,0
"7Mol",7,"Mollenfelde",0,0,0,0,0,28.1500716849427,51.0794702845764,5,2,4,152.6,141,194,133,0,0,0,0,0
"8Mol",8,"Mollenfelde",0,0,0,0,0,24.6542894084601,60.4613836438012,9,4,6,77.9,62,176,36,0,0,0,0,0
"9Mol",9,"Mollenfelde",0,0,0,0,0,21.1585071319774,69.8432970030261,2,1,0,1237.5,1237.5,1690,785,0,0,0,NA,0
"10Mol",10,"Mollenfelde",0,0,0,0,0,17.6627248554947,79.2252103622509,22,3,3,837.9,325,8630,68,0,0,0,0,0
"11Mol",11,"Mollenfelde",1,0,0,1,0,14.166942579012,88.6071237214758,0,0,0,NA,NA,NA,NA,0,0,0,NA,0
"12Mol",12,"Mollenfelde",1,0,0,1,0,23.6426750718291,92.0682942922507,0,0,0,NA,NA,NA,NA,0,0,0,NA,0
"13Mol",13,"Mollenfelde",0,0,1,0,0,27.1384573483118,82.6863809330259,2,2,1,254,254,384,124,0,0,0,0,0
"14Mol",14,"Mollenfelde",0,0,1,1,0,30.6342396247945,73.304467573801,0,0,0,NA,NA,NA,NA,0,0,0,NA,0
"15Mol",15,"Mollenfelde",0,0,1,0,0,34.1300219012771,63.9225542145762,3,2,2,89.7,75,123,71,0,0,0,0,0
"16Mol",16,"Mollenfelde",0,0,1,0,0,37.6258041777598,54.5406408553513,3,2,2,239.7,97,563,59,0,0,0,0,0
"17Mol",17,"Mollenfelde",0,0,1,1,0,41.1215864542425,45.1587274961265,0,0,0,NA,NA,NA,NA,0,0,0,NA,0
"18Mol",18,"Mollenfelde",1,0,0,1,0,44.6173687307252,35.7768141369017,0,0,0,NA,NA,NA,NA,0,0,0,NA,0
"19Mol",19,"Mollenfelde",0,0,0,0,1,54.0931012235423,39.2379847076766,21,3,8,64.6,60,116,41,0,0,0,0,0
"20Mol",20,"Mollenfelde",0,0,0,1,0,50.5973189470596,48.6198980669014,0,0,0,NA,NA,NA,NA,0,0,0,NA,0
"21Mol",21,"Mollenfelde",0,0,0,1,0,47.1015366705769,58.0018114261263,0,0,0,NA,NA,NA,NA,0,0,0,NA,0
"22Mol",22,"Mollenfelde",0,0,0,0,0,43.6057543940942,67.3837247853511,7,2,6,139.7,91,247,47,1,2,2,0.333333333333333,0
"23Mol",23,"Mollenfelde",0,0,0,0,0,40.1099721176116,76.765638144576,11,3,6,168.9,186,260,55,1,0,1,0.166666666666667,0
"24Mol",24,"Mollenfelde",0,0,0,0,0,36.6141898411289,86.1475515038008,9,4,4,110,73,273,59,0,0,0,0,0
"27Mol",27,"Mollenfelde",0,0,0,0,0,46.089922333946,89.6087220745757,4,2,2,179.5,175.5,281,86,0,0,0,0,0
"28Mol",28,"Mollenfelde",0,0,0,0,0,49.5857046104286,80.2268087153509,16,2,14,309.3,297.5,475,135,4,2,5,0.357142857142857,0
"29Mol",29,"Mollenfelde",0,0,0,1,0,53.0814868869113,70.844895356126,0,0,0,NA,NA,NA,NA,0,0,0,NA,0
"30Mol",30,"Mollenfelde",0,0,0,0,0,56.577269163394,61.4629819969012,4,2,1,1267.2,661.5,3290,456,0,0,0,0,0
"31Mol",31,"Mollenfelde",0,0,0,0,0,60.0730514398767,52.0810686376764,2,2,1,99.5,99.5,101,98,0,0,0,0,0
"32Mol",32,"Mollenfelde",0,0,0,1,0,63.5688337163594,42.6991552784515,0,0,0,NA,NA,NA,NA,0,0,0,NA,0
"33Mol",33,"Mollenfelde",1,0,0,1,0,67.0646159928421,33.3172419192267,0,0,0,NA,NA,NA,NA,0,0,0,NA,0
"36Mol",36,"Mollenfelde",0,0,0,0,0,69.5487839326938,55.5422392084513,22,5,10,72.2,62.5,174,35,0,0,0,0,0
"37Mol",37,"Mollenfelde",0,0,0,0,0,66.0530016562111,64.9241525676761,1,1,1,621,621,621,621,0,0,0,0,0
"38Mol",38,"Mollenfelde",0,0,0,0,0,62.5572193797284,74.306065926901,3,2,2,234.7,234,243,227,0,1,1,0.5,0
"39Mol",39,"Mollenfelde",0,0,0,1,0,59.0614371032457,83.6879792861258,0,0,0,NA,NA,NA,NA,0,0,0,NA,0
"40Mol",40,"Mollenfelde",0,0,0,0,0,55.5656548267631,93.0698926453506,3,1,0,207.7,193,265,165,0,0,0,NA,0
"41Mol",41,"Mollenfelde",1,0,0,1,0,52.0698725502804,102.451806004576,0,0,0,NA,NA,NA,NA,0,0,0,NA,0
"42Mol",42,"Mollenfelde",1,0,0,1,0,61.5456050430975,105.91297657535,0,0,0,NA,NA,NA,NA,0,0,0,NA,0
"43Mol",43,"Mollenfelde",0,0,0,0,0,65.0413873195802,96.5310632161256,6,2,0,176.2,154.5,346,68,0,0,0,NA,0
"44Mol",44,"Mollenfelde",0,0,0,0,0,68.5371695960628,87.1491498569007,2,2,1,444,444,571,317,0,0,0,0,0
"45Mol",45,"Mollenfelde",0,0,0,1,0,72.0329518725455,77.7672364976759,0,0,0,NA,NA,NA,NA,0,0,0,NA,1
"35Mol",35,"Mollenfelde",0,0,0,0,0,73.0445662091765,46.1603258492264,6,2,5,75.8,77,94,56,0,0,0,0,1
"34Mol",34,"Mollenfelde",1,0,0,1,0,76.5403484856592,36.7784124900016,0,0,0,NA,NA,NA,NA,0,0,0,NA,1
"49Mol",49,"Mollenfelde",0,0,0,0,0,86.0160809784762,40.2395830607765,3,1,3,76,78,94,56,0,0,0,0,1
"48Mol",48,"Mollenfelde",0,0,0,0,0,82.5202987019936,49.6214964200014,2,1,2,136.5,136.5,217,56,0,0,0,0,1
"47Mol",47,"Mollenfelde",0,0,0,0,0,79.0245164255109,59.0034097792262,17,3,8,131.4,106,365,47,0,1,1,0.125,1
"46Mol",46,"Mollenfelde",0,0,0,0,0,75.5287341490282,68.3853231384511,1,1,1,4060,4060,4060,4060,1,1,1,1,1
"50Mol",50,"Mollenfelde",1,0,0,1,0,98.987595747776,34.3188402723266,0,0,0,NA,NA,NA,NA,0,0,0,NA,1
"51Mol",51,"Mollenfelde",0,0,0,0,0,95.4918134712933,43.7007536315515,5,2,3,129,75,343,58,0,0,0,0,1
"52Mol",52,"Mollenfelde",0,0,0,0,0,91.9960311948107,53.0826669907763,3,2,2,93.3,78,133,69,0,0,0,0,1
"53Mol",53,"Mollenfelde",0,0,0,0,0,88.500248918328,62.4645803500011,6,1,0,170.2,117.5,471,85,0,0,0,NA,1
"54Mol",54,"Mollenfelde",0,0,0,0,0,85.0044666418453,71.846493709226,3,2,1,75,72,105,48,0,0,0,0,1
"55Mol",55,"Mollenfelde",0,0,0,1,0,81.5086843653626,81.2284070684508,0,0,0,NA,NA,NA,NA,0,0,0,NA,1
"56Mol",56,"Mollenfelde",0,0,0,1,0,78.0129020888799,90.6103204276757,0,0,0,NA,NA,NA,NA,0,0,0,NA,1
"57Mol",57,"Mollenfelde",0,0,0,0,0,74.5171198123973,99.9922337869005,23,3,0,172,145,430,59,0,0,0,NA,1
"58Mol",58,"Mollenfelde",1,0,0,1,0,71.0213375359146,109.374147146125,0,0,0,NA,NA,NA,NA,0,0,0,NA,1
"59Mol",59,"Mollenfelde",1,0,0,1,0,80.4970700287317,112.8353177169,0,0,0,NA,NA,NA,NA,0,0,0,NA,1
"60Mol",60,"Mollenfelde",0,0,0,0,0,83.9928523052143,103.453404357675,9,4,1,373,225,863,99,0,0,0,0,1
"91Mol",91,"Mollenfelde",0,0,0,0,0,112.420049783666,113.83691607,24,3,1,152.8,141.5,361,77,0,0,0,0,1
"90Mol",90,"Mollenfelde",0,0,0,0,0,115.915832060148,104.455002710775,9,3,3,1250.1,522,3590,119,1,1,1,0.333333333333333,1
"94Mol",94,"Mollenfelde",1,0,0,1,0,121.895782276483,117.298086640775,0,0,0,NA,NA,NA,NA,0,0,0,NA,1
"93Mol",93,"Mollenfelde",1,0,0,1,0,118.4,126.68,0,0,0,NA,NA,NA,NA,0,0,0,NA,1
"92Mol",92,"Mollenfelde",1,0,0,1,0,108.924267507183,123.218829429225,0,0,0,NA,NA,NA,NA,0,0,0,NA,1
"89Mol",89,"Mollenfelde",0,0,0,0,0,119.411614336631,95.0730893515505,4,2,0,1476,758,4280,108,0,0,0,NA,1
"88Mol",88,"Mollenfelde",1,0,0,1,0,122.907396613114,85.6911759923257,0,0,0,NA,NA,NA,NA,0,0,0,NA,1
"87Mol",87,"Mollenfelde",1,0,0,1,0,126.403178889596,76.3092626331009,0,0,0,NA,NA,NA,NA,0,0,0,NA,1
"86Mol",86,"Mollenfelde",1,0,0,1,0,129.898961166079,66.927349273876,0,0,0,NA,NA,NA,NA,0,0,0,NA,1
"85Mol",85,"Mollenfelde",1,0,0,1,0,127.414793226227,44.7023519846514,0,0,0,NA,NA,NA,NA,0,0,0,NA,1
"84Mol",84,"Mollenfelde",0,0,0,0,0,123.919010949745,54.0842653438763,22,4,12,172.1,87,920,39,1,0,1,0.0833333333333333,1
"83Mol",83,"Mollenfelde",0,0,0,0,0,120.423228673262,63.4661787031011,12,2,7,211.7,181,409,98,2,0,2,0.285714285714286,1
"82Mol",82,"Mollenfelde",0,0,0,0,0,116.927446396779,72.8480920623259,11,3,4,536.6,569,1498,94,0,1,1,0.25,1
"81Mol",81,"Mollenfelde",0,0,0,0,0,113.431664120297,82.2300054215508,7,4,3,213.1,90,663,62,1,0,1,0.333333333333333,1
"80Mol",80,"Mollenfelde",0,0,0,0,0,109.935881843814,91.6119187807756,19,2,3,396.7,115,4485,57,0,1,1,0.333333333333333,1
"79Mol",79,"Mollenfelde",0,0,1,0,0,106.440099567331,100.99383214,16,3,0,123.1,108.5,325,80,0,0,0,NA,1
"78Mol",78,"Mollenfelde",0,0,0,0,0,102.944317290849,110.375745499225,44,5,2,233.8,178.5,866,86,1,0,1,0.5,1
"61Mol",61,"Mollenfelde",0,0,0,0,0,87.488634581697,94.0714909984506,5,3,2,2040.6,1215,6110,636,1,2,2,1,1
"65Mol",65,"Mollenfelde",0,0,0,0,0,101.471763687628,56.5438375615512,15,5,4,172.9,163,355,51,0,0,0,0,1
"70Mol",70,"Mollenfelde",0,0,0,0,0,110.947496180445,60.0050081323262,19,4,8,86.5,78,158,49,0,0,0,0,1
"72Mol",72,"Mollenfelde",0,0,1,0,0,103.955931627479,78.7688348507759,44,4,3,83.2,77.5,194,33,0,0,0,0,1
"74Mol",74,"Mollenfelde",0,0,0,0,0,96.9643670745141,97.5326615692255,24,4,4,168.5,164.5,305,74,0,0,0,0,1
"76Mol",76,"Mollenfelde",1,0,0,1,0,89.9728025215487,116.296488287675,0,0,0,NA,NA,NA,NA,0,0,0,NA,1
"77Mol",77,"Mollenfelde",1,0,0,1,0,99.4485350143658,119.75765885845,0,0,0,NA,NA,NA,NA,0,0,0,NA,1
"62Mol",62,"Mollenfelde",0,0,0,1,0,90.9844168581797,84.6895776392258,0,0,0,NA,NA,NA,NA,0,0,0,NA,1
"63Mol",63,"Mollenfelde",0,0,0,0,0,94.4801991346624,75.3076642800009,13,1,0,153.5,138,371,77,0,0,0,NA,1
"64Mol",64,"Mollenfelde",0,0,0,0,0,97.9759814111451,65.9257509207761,5,1,0,421.2,156,1336,85,0,0,0,NA,1
"66Mol",66,"Mollenfelde",0,0,1,0,0,104.96754596411,47.1619242023264,1,1,0,824,824,824,824,0,0,0,NA,1
"69Mol",69,"Mollenfelde",0,0,0,0,0,114.443278456928,50.6230947731013,31,4,15,66,61,190,32,0,0,0,0,1
"71Mol",71,"Mollenfelde",0,0,0,0,0,107.451713903962,69.386921491551,7,3,3,586.3,347,1610,212,1,0,1,0.333333333333333,1
"73Mol",73,"Mollenfelde",0,0,0,0,0,100.460149350997,88.1507482100007,10,3,0,564.7,526.5,1100,96,0,0,0,NA,1
"75Mol",75,"Mollenfelde",0,0,0,0,0,93.4685847980314,106.91457492845,104,1,0,201,170,678,60,0,0,0,NA,1
"68Mol",68,"Mollenfelde",1,0,0,1,0,117.93906073341,41.2411814138765,0,0,0,NA,NA,NA,NA,0,0,0,NA,1
"67Mol",67,"Mollenfelde",1,0,0,1,0,108.463328240593,37.7800108431016,0,0,0,NA,NA,NA,NA,0,0,0,NA,1
"26Mol",26,"Mollenfelde",1,0,0,1,0,42.5941400574633,98.9906354338006,0,0,0,NA,NA,NA,NA,0,0,0,NA,0
"25Mol",25,"Mollenfelde",1,0,0,1,0,33.1184075646462,95.5294648630256,0,0,0,NA,NA,NA,NA,0,0,0,NA,0
"1Huy",1,"Huy",0,0,1,1,0,119.653237508069,88.6545424788603,0,0,0,NA,NA,NA,NA,0,0,0,NA,0
"2Huy",2,"Huy",0,0,0,0,0,110.604966983408,84.6096392089921,20,2,19,94.8,94.5,170,32,0,0,0,0,1
"3Huy",3,"Huy",0,0,0,0,0,101.556696458748,80.5647359391239,4,1,4,79,76.5,101,62,0,0,0,0,1
"4Huy",4,"Huy",0,0,0,0,0,92.508425934088,76.5198326692557,61,3,45,90.7,80,211,28,0,0,0,0,1
"5Huy",5,"Huy",0,0,0,0,0,83.4601554094278,72.4749293993875,23,3,15,105.7,100,163,43,0,0,0,0,1
"6Huy",6,"Huy",0,0,0,0,0,74.4118848847676,68.4300261295193,37,2,22,106.7,83,244,41,0,0,0,0,1
"7Huy",7,"Huy",0,0,0,0,0,65.3636143601074,64.3851228596511,58,2,55,99.1,91,264,40,0,1,1,0.0181818181818182,1
"10Huy",10,"Huy",0,0,0,0,0,61.1058214444566,72.9809798580783,79,4,72,111.5,105,201,42,0,0,0,0,1
"11Huy",11,"Huy",0,0,0,0,0,70.1540919691168,77.0258831279465,43,3,30,140.2,92,880,35,1,0,1,0.0333333333333333,1
"12Huy",12,"Huy",0,0,0,0,0,79.202362493777,81.0707863978147,73,2,65,107.3,83,298,35,2,0,2,0.0307692307692308,1
"13Huy",13,"Huy",0,0,0,0,0,88.2506330184372,85.1156896676829,127,3,68,111.1,94,815,45,0,0,0,0,1
"15Huy",15,"Huy",0,0,1,0,0,106.347174067758,93.2054962074193,87,3,76,190.2,153,735,42,4,3,4,0.0526315789473684,1
"20Huy",20,"Huy",0,0,0,0,0,102.089381152107,101.801353205846,20,2,18,74.8,74,100,59,0,0,0,0,1
"22Huy",22,"Huy",0,0,0,0,0,83.9928401027865,93.7115466661101,57,3,41,482.8,240,2704,88,1,1,2,0.0487804878048781,1
"25Huy",25,"Huy",0,0,0,0,0,56.8480285288059,81.5768368565055,76,3,65,101,85,672,35,0,0,0,0,1
"29Huy",29,"Huy",0,0,0,0,0,52.5902356131552,90.1726938549327,37,3,32,203.4,119,2427,34,0,2,2,0.0625,1
"43Huy",43,"Huy",0,0,0,0,0,57.3807132221647,102.813454123228,35,3,20,149.1,98,765,49,0,0,0,0,1
"39Huy",39,"Huy",0,0,0,0,0,93.5737953208054,118.993067202701,30,2,28,83.2,71.5,193,30,0,1,1,0.0357142857142857,1
"41Huy",41,"Huy",0,0,0,0,0,75.4772542714851,110.903260662964,67,4,63,172.7,175,327,33,3,16,18,0.285714285714286,1
"53Huy",53,"Huy",0,0,0,0,0,80.2677318804945,123.54402093126,19,2,16,166.4,139,480,35,0,1,1,0.0625,1
"51Huy",51,"Huy",0,0,0,0,0,62.1711908311741,115.454214391523,38,2,37,72.5,69,213,37,1,0,1,0.027027027027027,1
"50Huy",50,"Huy",0,0,0,0,0,53.1229203065139,111.409311121655,4,2,3,172,144,350,50,0,1,1,0.333333333333333,1
"60Huy",60,"Huy",0,0,0,0,0,76.0099389648438,132.139877929687,12,3,9,196.1,106.5,605,65,0,1,1,0.111111111111111,1
"59Huy",59,"Huy",0,0,0,0,0,85.058209489504,136.184781199555,21,4,9,464.8,270,1801,66,1,1,2,0.222222222222222,1
"16Huy",16,"Huy",0,0,1,0,0,115.395444592418,97.2503994772875,70,3,57,98.6,89,247,27,3,1,4,0.0701754385964912,0
"18Huy",18,"Huy",0,0,0,0,0,120.185922201427,109.891159745583,6,1,6,97.3,80,212,56,0,0,0,0,0
"35Huy",35,"Huy",0,0,1,0,0,106.879858761116,114.442113474142,2,1,2,65,65,89,41,0,0,0,0,0
"37Huy",37,"Huy",0,0,0,0,1,111.670336370126,127.082873742437,3,2,2,137.7,136,154,123,0,0,0,0,0
"55Huy",55,"Huy",0,0,0,0,1,98.3642729298149,131.633827470996,65,4,62,144.5,129,434,50,4,3,7,0.112903225806452,0
"58Huy",58,"Huy",0,0,0,0,0,94.1064800141642,140.229684469423,133,4,116,129,112,565,33,3,1,4,0.0344827586206897,0
"68Huy",68,"Huy",0,0,0,0,0,89.8486870985135,148.825541467851,100,4,87,121.8,100,665,43,2,1,3,0.0344827586206897,0
"66Huy",66,"Huy",0,0,0,0,0,71.7521460491931,140.735734928114,7,2,5,359.4,115,1125,26,0,1,1,0.2,0
"65Huy",65,"Huy",0,0,1,0,0,62.7038755245329,136.690831658246,6,2,5,585.7,339.5,2094,54,0,2,2,0.4,0
"73Huy",73,"Huy",0,0,0,0,0,85.5908941828627,157.421398466278,53,5,46,96.9,70,560,3,3,0,3,0.0652173913043478,0
"72Huy",72,"Huy",0,0,0,0,0,94.6391647075229,161.466301736146,9,3,1,667.2,382,1550,65,0,0,0,0,0
"69Huy",69,"Huy",0,0,0,0,0,98.8969576231736,152.870444737719,21,5,13,226.6,139,1425,21,0,1,1,0.0769230769230769,0
"67Huy",67,"Huy",0,0,0,0,0,80.8004165738533,144.780638197982,42,4,31,242.5,234,593,49,2,5,7,0.225806451612903,0
"74Huy",74,"Huy",1,0,0,1,0,76.5426236582025,153.37649519641,0,0,0,NA,NA,NA,NA,0,0,0,NA,0
"71Huy",71,"Huy",1,0,0,1,0,103.687435232183,165.511205006014,0,0,0,NA,NA,NA,NA,0,0,0,NA,0
"70Huy",70,"Huy",1,0,0,1,0,107.945228147834,156.915348007587,0,0,0,NA,NA,NA,NA,0,0,0,NA,0
"17Huy",17,"Huy",1,0,0,1,0,124.443715117078,101.295302747156,0,0,0,NA,NA,NA,NA,0,0,0,NA,0
"61Huy",61,"Huy",0,1,0,1,0,66.9616684401836,128.094974659819,0,0,0,NA,NA,NA,NA,0,0,0,NA,1
"49Huy",49,"Huy",0,1,0,1,0,44.0746497818537,107.364407851787,0,0,0,NA,NA,NA,NA,0,0,0,NA,1
"62Huy",62,"Huy",0,0,0,0,0,57.9133979155234,124.050071389951,17,2,14,347.7,143,1130,50,0,2,2,0.142857142857143,0
"63Huy",63,"Huy",0,0,0,0,0,48.8651273908632,120.005168120082,25,3,21,158.3,112,599,40,0,1,1,0.0476190476190476,0
"64Huy",64,"Huy",0,0,0,0,0,39.816856866203,115.960264850214,15,3,6,418.5,421,860,59,0,4,4,0.666666666666667,0
"48Huy",48,"Huy",0,0,0,0,0,35.0263792571935,103.319504581919,53,3,31,253.4,220,1034,80,1,3,4,0.129032258064516,0
"45Huy",45,"Huy",0,0,0,0,0,39.2841721728443,94.7236475834917,1,1,1,165,165,165,165,0,0,0,0,0
"46Huy",46,"Huy",0,0,0,0,0,30.2359016481841,90.6787443136235,2,1,2,40,40,50,30,0,0,0,0,0
"47Huy",47,"Huy",0,0,0,0,0,25.9781087325334,99.2746013120507,5,1,5,108.2,75,259,50,1,0,1,0.2,0
"27Huy",27,"Huy",0,0,0,0,0,34.4936945638348,82.0828873151963,3,2,2,32.7,41,44,13,0,0,0,0,0
"28Huy",28,"Huy",0,0,0,0,0,43.541965088495,86.1277905850645,2,1,2,69.5,69.5,79,60,0,0,0,0,0
"26Huy",26,"Huy",0,0,0,0,0,47.7997580041457,77.5319335866373,5,2,4,46.6,50,70,20,0,0,0,0,0
"9Huy",9,"Huy",0,0,0,0,0,52.0575509197964,68.9360765882101,7,1,7,63.7,69,84,30,0,0,0,0,0
"8Huy",8,"Huy",0,0,0,0,0,56.3153438354472,60.3402195897829,64,4,60,130,104.5,570,28,2,5,7,0.116666666666667,0
"54Huy",54,"Huy",0,0,0,0,0,89.3160024051547,127.588924201128,3,1,0,2031.7,2155,2790,1150,0,0,0,NA,1
"40Huy",40,"Huy",0,0,0,0,0,84.5255247961452,114.948163932833,54,3,44,90.5,75,465,38,2,0,2,0.0454545454545455,1
"52Huy",52,"Huy",0,0,0,0,0,71.2194613558343,119.499117661392,9,2,5,562.1,127,3383,47,0,0,0,0,1
"42Huy",42,"Huy",0,0,0,0,0,66.4289837468249,106.858357393096,56,3,50,192.5,60.5,7160,10,0,1,1,0.02,1
"44Huy",44,"Huy",0,0,0,0,0,48.3324426975045,98.7685508533599,19,2,17,299.9,94,2293,62,0,2,2,0.117647058823529,1
"34Huy",34,"Huy",0,0,0,0,0,97.8315882364562,110.397210204274,7,2,6,65.9,57,113,47,0,0,0,0,1
"32Huy",32,"Huy",0,0,0,0,0,79.7350471871358,102.307403664537,46,3,41,132.2,105,334,46,3,2,4,0.0975609756097561,1
"30Huy",30,"Huy",0,0,0,0,0,61.6385061378154,94.2175971248009,55,3,47,167.2,83,1295,37,2,3,5,0.106382978723404,1
"38Huy",38,"Huy",0,0,1,0,0,102.622065845466,123.037970472569,41,4,31,94.6,88,199,13,0,1,1,0.032258064516129,0
"56Huy",56,"Huy",0,0,0,0,0,107.412543454475,135.678730740864,3,1,3,64,54,104,34,0,0,0,0,0
"57Huy",57,"Huy",0,0,0,0,0,103.154750538824,144.274587739292,40,4,34,92.2,81,235,36,1,2,3,0.0882352941176471,0
"36Huy",36,"Huy",0,0,0,0,0,115.928129285777,118.48701674401,18,1,18,98.2,100,144,39,2,0,2,0.111111111111111,0
"19Huy",19,"Huy",0,0,1,0,0,111.137651676767,105.846256475715,29,3,22,109.9,108,242,35,2,1,3,0.136363636363636,0
"14Huy",14,"Huy",0,0,0,0,0,97.2989035430974,89.1605929375511,110,3,84,89.3,83,168,14,0,0,0,0,1
"21Huy",21,"Huy",0,0,0,0,0,93.0411106274467,97.7564499359783,78,6,64,177.6,103.5,1870,42,3,1,4,0.0625,1
"23Huy",23,"Huy",0,0,0,0,0,74.9445695781263,89.6666433962419,8,2,1,353,205.5,1245,83,0,0,0,0,1
"24Huy",24,"Huy",0,0,0,0,0,65.8962990534661,85.6217401263737,90,4,41,126.2,115.5,420,53,0,3,3,0.0731707317073171,1
"31Huy",31,"Huy",0,0,0,0,0,70.6867766624756,98.2625003946691,19,3,13,93.4,95,177,33,0,0,0,0,1
"33Huy",33,"Huy",0,0,0,0,0,88.783317711796,106.352306934405,62,4,42,88.5,68,290,25,0,0,0,0,1
"3Wei",3,"Weisweil",0,0,0,0,1,402126.888144228,5342622.34956503,18,3,0,530.6,479.5,1437,97,0,0,0,NA,1
"8Wei",8,"Weisweil",0,0,0,0,0,402124.890689369,5342631.99490972,61,3,0,62.4,60,102,27,0,0,0,NA,1
"14Wei",14,"Weisweil",0,0,0,0,0,402122.89323451,5342641.6402544,119,3,2,112.3,98,281,40,0,0,0,0,1
"19Wei",19,"Weisweil",0,0,0,0,1,402120.895779651,5342651.28559909,16,4,3,453.3,176.5,2350,82,0,0,0,0,1
"27Wei",27,"Weisweil",0,0,0,0,0,402118.898324791,5342660.93094377,91,1,0,128.4,114,412,55,0,0,0,NA,1
"32Wei",32,"Weisweil",0,0,0,0,0,402116.900869932,5342670.57628846,38,3,0,160.9,114.5,463,71,0,0,0,NA,1
"41Wei",41,"Weisweil",0,0,0,0,0,402114.903415073,5342680.22163314,31,3,0,156,113,481,44,0,0,0,NA,1
"48Wei",48,"Weisweil",0,0,0,0,0,402112.905960214,5342689.86697783,2,2,0,71.5,71.5,89,54,0,0,0,NA,1
"57Wei",57,"Weisweil",0,0,0,0,0,402110.908505354,5342699.51232251,6,2,0,1405.2,1031.5,3557,80,0,0,0,NA,1
"61Wei",61,"Weisweil",0,0,0,0,0,402108.911050495,5342709.1576672,5,2,1,104.4,102,150,56,0,0,0,0,1
"1Wei",1,"Weisweil",0,0,0,0,0,402138.530943772,5342614.70167521,4,2,1,2196.2,1361,5936,127,0,0,0,0,1
"4Wei",4,"Weisweil",0,0,0,0,0,402136.533488913,5342624.34701989,112,2,10,90,88.5,148,46,0,0,0,0,1
"5Wei",5,"Weisweil",1,0,0,1,0,402146.178833598,5342626.34447475,0,0,0,NA,NA,NA,NA,0,0,0,NA,1
"6Wei",6,"Weisweil",0,0,0,0,1,402144.181378738,5342635.98981944,80,3,0,142.1,134,439,55,0,0,0,NA,1
"7Wei",7,"Weisweil",0,0,0,0,0,402134.536034054,5342633.99236458,12,3,1,211.2,128,726,83,0,0,0,0,1
"15Wei",15,"Weisweil",0,0,0,0,0,402132.538579195,5342643.63770926,96,3,0,82,65,875,26,0,0,0,NA,1
"18Wei",18,"Weisweil",0,0,0,0,0,402130.541124335,5342653.28305395,91,5,1,91.3,83,434,40,0,0,0,0,1
"28Wei",28,"Weisweil",0,0,0,0,0,402128.543669476,5342662.92839863,21,2,0,350.8,164,1315,75,0,0,0,NA,1
"31Wei",31,"Weisweil",0,0,0,0,0,402126.546214617,5342672.57374332,34,2,0,203,157,784,84,0,0,0,NA,1
"42Wei",42,"Weisweil",0,0,0,0,0,402124.548759758,5342682.219088,16,2,0,528.4,469,990,204,0,0,0,NA,1
"47Wei",47,"Weisweil",0,0,0,0,0,402122.551304898,5342691.86443269,11,2,0,214.5,134,1014,97,0,0,0,NA,1
"58Wei",58,"Weisweil",0,0,0,0,0,402120.553850039,5342701.50977737,17,1,0,344,343,771,134,0,0,0,NA,1
"13Wei",13,"Weisweil",0,0,0,0,0,402113.247889825,5342639.64279954,104,3,0,163.9,120,1772,54,0,0,0,NA,1
"20Wei",20,"Weisweil",0,0,0,0,0,402111.250434966,5342649.28814423,186,3,3,130.5,122,279,58,0,0,0,0,1
"22Wei",22,"Weisweil",0,0,0,0,0,402091.959745597,5342645.29323451,70,2,1,108.4,105.5,197,60,1,0,1,1,1
"23Wei",23,"Weisweil",0,0,0,0,0,402080.316946053,5342652.94112433,29,4,0,781.3,398,2758,76,0,0,0,NA,1
"36Wei",36,"Weisweil",0,0,0,0,0,402078.319491194,5342662.58646902,30,2,0,93.8,81.5,251,36,0,0,0,NA,1
"35Wei",35,"Weisweil",0,0,0,0,0,402087.964835878,5342664.58392388,11,2,1,99.4,105,130,48,0,0,0,0,1
"34Wei",34,"Weisweil",0,0,0,0,0,402097.610180563,5342666.58137874,67,3,3,331.3,180,6105,77,1,0,1,0.333333333333333,1
"49Wei",49,"Weisweil",0,0,0,0,0,402103.260615529,5342687.86952297,5,1,0,878.4,578,1717,308,0,0,0,NA,1
"56Wei",56,"Weisweil",0,0,0,0,0,402101.26316067,5342697.51486765,6,1,0,119.3,121.5,145,95,0,0,0,NA,1
"55Wei",55,"Weisweil",0,0,0,0,0,402091.617815985,5342695.51741279,3,2,0,179.7,198,252,89,0,0,0,NA,1
"54Wei",54,"Weisweil",0,0,0,0,0,402081.972471301,5342693.51995793,7,2,1,144.7,95,451,75,1,1,1,1,1
"64Wei",64,"Weisweil",0,0,0,0,0,402079.975016441,5342703.16530262,21,2,0,146.8,109,775,45,0,0,0,NA,1
"65Wei",65,"Weisweil",0,0,0,0,0,402077.977561582,5342712.8106473,17,2,0,251.5,133,1005,69,0,0,0,NA,1
"70Wei",70,"Weisweil",0,0,0,0,0,402075.980106723,5342722.45599199,17,1,0,176.2,161,282,99,0,0,0,NA,1
"71Wei",71,"Weisweil",0,0,0,0,0,402073.982651863,5342732.10133667,2,1,0,80,80,89,71,0,0,0,NA,1
"72Wei",72,"Weisweil",0,0,0,0,0,402083.627996548,5342734.09879153,3,2,0,308.7,130,736,60,0,0,0,NA,1
"2Wei",2,"Weisweil",0,0,1,0,0,402117.242799544,5342620.35211017,96,7,1,116.8,86,618,20,0,0,0,0,1
"9Wei",9,"Weisweil",0,0,0,0,0,402115.245344685,5342629.99745486,55,3,0,214.7,98,2110,52,0,0,0,NA,1
"10Wei",10,"Weisweil",0,0,0,0,0,402105.6,5342628,102,6,1,123.5,90,990,38,0,0,0,0,1
"11Wei",11,"Weisweil",0,0,0,0,0,402093.957200456,5342635.64788983,94,5,4,197.9,99,3496,25,0,0,0,0,1
"12Wei",12,"Weisweil",0,0,0,0,0,402103.602545141,5342637.64534468,91,3,0,222.5,124,2452,44,0,0,0,NA,1
"30Wei",30,"Weisweil",0,0,0,0,0,402136.191559301,5342674.57119818,65,1,0,71.2,64,268,29,0,0,0,NA,1
"43Wei",43,"Weisweil",0,0,0,0,1,402134.194104442,5342684.21654286,15,1,0,155.5,159,290,46,0,0,0,NA,1
"46Wei",46,"Weisweil",0,0,0,0,1,402132.196649583,5342693.86188755,1,1,0,127,127,127,127,0,0,0,NA,1
"59Wei",59,"Weisweil",0,0,0,0,0,402130.199194724,5342703.50723223,16,3,0,152,136,336,88,0,0,0,NA,1
"26Wei",26,"Weisweil",0,0,0,0,0,402109.252980107,5342658.93348891,67,4,0,122.1,99,557,55,0,0,0,NA,1
"45Wei",45,"Weisweil",0,0,0,0,0,402141.841994268,5342695.8593424,11,2,0,110.2,96,233,62,0,0,0,NA,1
"21Wei",21,"Weisweil",0,0,0,0,0,402101.605090281,5342647.29068937,62,5,4,193.9,93,1355,54,0,0,0,0,1
"25Wei",25,"Weisweil",0,0,0,0,0,402099.607635422,5342656.93603405,124,4,16,155.8,133,1390,60,0,1,1,0.0625,1
"24Wei",24,"Weisweil",0,0,0,0,0,402089.962290738,5342654.93857919,82,4,1,162.1,98,2570,46,0,0,0,0,1
"33Wei",33,"Weisweil",0,0,0,0,1,402107.255525248,5342668.5788336,4,1,0,388,384,470,314,0,0,0,NA,1
"40Wei",40,"Weisweil",0,0,0,0,0,402105.258070388,5342678.22417828,23,2,0,113.3,110,281,10,0,0,0,NA,1
"39Wei",39,"Weisweil",0,0,0,0,0,402095.612725704,5342676.22672342,27,1,0,128,128,218,79,0,0,0,NA,1
"38Wei",38,"Weisweil",0,0,0,0,0,402085.967381019,5342674.22926856,8,2,0,113.2,102.5,185,90,0,0,0,NA,1
"37Wei",37,"Weisweil",0,0,0,0,0,402076.322036334,5342672.2318137,16,1,0,62.9,66,82,36,0,0,0,NA,1
"50Wei",50,"Weisweil",0,0,0,0,0,402093.615270844,5342685.87206811,42,1,0,194.9,140.5,785,70,0,0,0,NA,1
"51Wei",51,"Weisweil",0,0,0,0,0,402083.96992616,5342683.87461325,1,1,0,119,119,119,119,0,0,0,NA,1
"52Wei",52,"Weisweil",0,0,0,0,0,402074.324581475,5342681.87715839,47,1,0,303.9,123,4435,73,0,0,0,NA,1
"63Wei",63,"Weisweil",0,0,0,0,0,402089.620361126,5342705.16275748,21,2,0,277.2,273,609,74,0,0,0,NA,1
"62Wei",62,"Weisweil",0,0,0,0,0,402099.265705811,5342707.16021234,2,1,0,151,151,224,78,0,0,0,NA,1
"67Wei",67,"Weisweil",0,0,0,0,1,402097.268250951,5342716.80555702,3,2,0,207.3,202,291,129,0,0,0,NA,1
"66Wei",66,"Weisweil",0,0,0,0,1,402087.622906267,5342714.80810216,4,1,0,1659.8,1672.5,2460,834,0,0,0,NA,1
"69Wei",69,"Weisweil",0,0,0,0,0,402085.625451407,5342724.45344685,11,1,0,500.3,465,980,106,0,0,0,NA,1
"68Wei",68,"Weisweil",0,0,0,0,0,402095.270796092,5342726.45090171,10,2,4,258.4,179.5,680,102,0,1,1,0.25,1
"16Wei",16,"Weisweil",1,0,0,1,0,402142.183923879,5342645.63516412,0,0,0,NA,NA,NA,NA,0,0,0,NA,1
"17Wei",17,"Weisweil",1,0,0,1,0,402140.18646902,5342655.28050881,0,0,0,NA,NA,NA,NA,0,0,0,NA,1
"29Wei",29,"Weisweil",1,0,0,1,0,402138.189014161,5342664.92585349,0,0,0,NA,NA,NA,NA,0,0,0,NA,1
"44Wei",44,"Weisweil",1,0,0,1,0,402143.839449127,5342686.21399772,0,0,0,NA,NA,NA,NA,0,0,0,NA,1
"53Wei",53,"Weisweil",1,0,0,1,0,402072.327126616,5342691.52250307,0,0,0,NA,NA,NA,NA,0,0,0,NA,1
"60Wei",60,"Weisweil",1,0,0,1,0,402118.55639518,5342711.15512205,0,0,0,NA,NA,NA,NA,0,0,0,NA,1
"2Pla",2,"Plattenwald",0,0,0,0,0,490792.466436003,5429476.87312152,18,2,8,228.8,143.5,1057,74,0,0,0,0,1
"1Pla",1,"Plattenwald",0,0,0,0,0,490785.97195552,5429484.47718118,28,4,5,353.6,281.5,1186,60,1,0,1,0.2,1
"10Pla",10,"Plattenwald",0,0,0,0,0,490784.862376347,5429470.37864104,46,3,9,177,155,439,46,1,0,1,0.111111111111111,1
"13Pla",13,"Plattenwald",0,0,0,0,0,490777.258316691,5429463.88416056,33,4,4,140.7,80,635,44,1,0,1,0.25,1
"12Pla",12,"Plattenwald",0,0,0,0,0,490770.763836208,5429471.48822021,53,4,1,161.3,104,874,34,0,0,0,0,1
"30Pla",30,"Plattenwald",0,0,0,0,0,490763.159776551,5429464.99373973,3,2,0,1545,158,4365,112,0,0,0,NA,1
"33Pla",33,"Plattenwald",0,0,0,0,0,490768.544677862,5429443.29113994,26,5,2,87.8,79,203,29,1,0,1,0.5,1
"4Pla",4,"Plattenwald",0,0,1,0,0,490805.455396969,5429461.66500221,65,5,16,237.5,214,1544,40,2,2,2,0.125,1
"8Pla",8,"Plattenwald",0,0,0,0,0,490797.851337313,5429455.17052173,67,7,19,154.5,132,714,25,0,0,0,0,1
"15Pla",15,"Plattenwald",0,0,0,0,0,490790.247277657,5429448.67604125,21,4,0,330,299,1095,118,0,0,0,NA,1
"27Pla",27,"Plattenwald",0,0,0,0,0,490782.643218001,5429442.18156076,36,4,1,279.5,158,1327,80,0,0,0,0,1
"34Pla",34,"Plattenwald",0,0,0,0,0,490775.039158345,5429435.68708028,4,3,1,124.2,127.5,185,57,0,0,0,0,1
"46Pla",46,"Plattenwald",0,0,0,0,0,490767.435098689,5429429.1925998,11,5,1,322.8,204,981,50,1,1,1,1,1
"53Pla",53,"Plattenwald",0,0,0,0,0,490759.831039033,5429422.69811931,23,4,2,205,128,1629,75,1,0,1,0.5,1
"66Pla",66,"Plattenwald",0,0,0,0,1,490752.226979377,5429416.20363883,4,3,1,283,270.5,523,68,0,0,0,0,1
"71Pla",71,"Plattenwald",0,0,1,0,0,490744.622919721,5429409.70915835,177,5,29,142.4,106,880,37,9,5,10,0.344827586206897,1
"72Pla",72,"Plattenwald",0,0,0,0,0,490751.117400205,5429402.10509869,21,3,0,96.2,94,168,39,0,0,0,NA,1
"54Pla",54,"Plattenwald",0,0,0,0,1,490766.325519517,5429415.09405966,1,1,0,2383,2383,2383,2383,0,0,0,NA,1
"35Pla",35,"Plattenwald",0,0,0,0,0,490781.533638829,5429428.08302062,28,6,1,232.3,158,1080,83,0,0,0,0,1
"3Pla",3,"Plattenwald",0,0,0,0,0,490798.960916486,5429469.26906187,68,5,16,124.8,94.5,523,50,2,0,2,0.125,1
"11Pla",11,"Plattenwald",0,0,0,0,0,490778.367895863,5429477.9827007,35,2,3,171,118,821,74,3,2,3,1,1
"9Pla",9,"Plattenwald",0,0,1,0,0,490791.35685683,5429462.77458138,1,1,0,146,146,146,146,0,0,0,NA,1
"14Pla",14,"Plattenwald",0,0,0,0,0,490783.752797174,5429456.2801009,39,4,14,111.9,95,279,43,3,0,3,0.214285714285714,1
"28Pla",28,"Plattenwald",0,0,0,0,1,490776.148737518,5429449.78562042,18,4,6,147.6,99,743,58,0,0,0,0,1
"29Pla",29,"Plattenwald",0,0,0,0,0,490769.654257035,5429457.38968007,49,6,2,229.4,149,900,54,0,0,0,0,1
"31Pla",31,"Plattenwald",0,0,1,1,0,490755.555716895,5429458.49925925,0,0,0,NA,NA,NA,NA,0,0,0,NA,1
"32Pla",32,"Plattenwald",0,0,0,0,0,490762.050197379,5429450.89519959,34,5,5,250.7,130,837,62,0,0,0,0,1
"36Pla",36,"Plattenwald",0,0,0,0,0,490788.028119312,5429420.47896097,8,3,2,179,96.5,462,66,1,1,1,0.5,1
"37Pla",37,"Plattenwald",0,0,0,0,0,490794.522599795,5429412.87490131,24,4,1,237.2,140,1302,76,1,1,1,1,1
"38Pla",38,"Plattenwald",0,0,0,0,0,490801.017080279,5429405.27084165,3,2,0,363.3,380,450,260,0,0,0,NA,1
"39Pla",39,"Plattenwald",0,0,0,0,0,490807.511560762,5429397.666782,5,3,1,166.8,152,304,51,0,0,0,0,1
"40Pla",40,"Plattenwald",0,0,1,0,0,490806.401981589,5429383.56824186,1,1,0,928,928,928,928,0,0,0,NA,1
"59Pla",59,"Plattenwald",0,0,0,0,1,490798.797921933,5429377.07376138,2,1,0,1846.5,1846.5,2681,1012,0,0,0,NA,1
"41Pla",41,"Plattenwald",0,0,0,0,1,490799.907501106,5429391.17230152,7,3,1,645.6,435,2134,218,1,1,1,1,1
"58Pla",58,"Plattenwald",0,0,0,0,1,490792.30344145,5429384.67782103,7,1,0,652.3,483,1654,321,0,0,0,NA,1
"57Pla",57,"Plattenwald",0,0,0,0,1,490785.808960967,5429392.28188069,47,6,7,152,103,1484,48,0,0,0,0,1
"45Pla",45,"Plattenwald",0,0,0,0,0,490773.929579173,5429421.58854014,3,2,0,1757,87,5108,76,0,0,0,NA,1
"44Pla",44,"Plattenwald",0,0,0,0,0,490780.424059656,5429413.98448048,5,4,1,171.6,198,276,65,1,0,1,1,1
"43Pla",43,"Plattenwald",0,0,0,0,1,490786.918540139,5429406.38042083,2,2,1,85,85,100,70,0,0,0,0,1
"42Pla",42,"Plattenwald",0,0,0,0,0,490793.413020623,5429398.77636117,4,3,1,658.5,727,987,193,1,1,1,1,1
"63Pla",63,"Plattenwald",0,0,0,0,0,490771.710420827,5429393.39145986,13,5,0,399,362,949,125,0,0,0,NA,1
"56Pla",56,"Plattenwald",0,0,0,0,0,490779.314480483,5429399.88594034,49,6,14,277.3,103,6135,50,1,2,2,0.142857142857143,1
"62Pla",62,"Plattenwald",0,0,0,0,0,490778.204901311,5429385.7874002,58,5,9,170.2,92.5,3291,46,0,0,0,0,1
"55Pla",55,"Plattenwald",0,0,0,0,0,490772.82,5429407.49,2,2,0,1549.5,1549.5,2875,224,0,0,0,NA,1
"64Pla",64,"Plattenwald",0,0,0,0,0,490765.215940344,5429400.99551952,16,3,0,905.2,136,3179,95,0,0,0,NA,1
"65Pla",65,"Plattenwald",0,0,0,0,0,490758.721459861,5429408.59957917,50,4,3,191.4,110,1120,46,0,0,0,0,1
"73Pla",73,"Plattenwald",0,0,0,0,0,490757.611880688,5429394.50103903,18,4,4,215.6,148,875,59,0,0,0,0,1
"74Pla",74,"Plattenwald",0,0,0,0,0,490764.106361171,5429386.89697938,109,6,39,117,100,845,39,2,1,3,0.0769230769230769,1
"75Pla",75,"Plattenwald",0,0,0,0,0,490770.600841655,5429379.29291972,18,5,5,499.8,184,1705,77,0,1,1,0.2,1
"76Pla",76,"Plattenwald",0,0,0,0,0,490777.095322138,5429371.68886007,4,2,0,500.8,495,899,114,0,0,0,NA,1
"77Pla",77,"Plattenwald",0,0,0,0,1,490783.589802621,5429364.08480041,1,1,0,485,485,485,485,0,0,0,NA,1
"61Pla",61,"Plattenwald",0,0,0,0,0,490784.699381794,5429378.18334055,3,2,0,541,549,775,299,0,0,0,NA,1
"60Pla",60,"Plattenwald",0,0,0,0,0,490791.193862277,5429370.57928089,1,1,0,4500,4500,4500,4500,0,0,0,NA,1
"67Pla",67,"Plattenwald",0,0,0,0,0,490745.732498894,5429423.80769849,75,6,2,148.1,119,518,41,0,0,0,0,1
"68Pla",68,"Plattenwald",0,0,0,0,0,490739.238018411,5429431.41175814,34,3,4,106.5,108,175,56,0,0,0,0,1
"69Pla",69,"Plattenwald",0,0,0,0,0,490732.743537928,5429439.0158178,86,3,12,198.1,152.5,595,51,1,0,1,0.0833333333333333,1
"50Pla",50,"Plattenwald",0,0,0,0,1,490740.347597583,5429445.51029828,8,2,2,92.6,85.5,176,55,0,0,0,0,1
"51Pla",51,"Plattenwald",0,0,0,0,0,490746.842078067,5429437.90623862,82,3,4,181.5,125.5,450,55,0,0,0,0,1
"49Pla",49,"Plattenwald",0,0,0,0,0,490747.951657239,5429452.00477876,28,3,4,113.3,105,224,55,0,0,0,0,1
"48Pla",48,"Plattenwald",0,0,0,0,0,490754.446137723,5429444.40071911,18,3,4,308.2,111.5,1611,69,2,1,2,0.5,1
"52Pla",52,"Plattenwald",0,0,0,0,0,490753.33655855,5429430.30217897,46,4,5,357.9,176,1545,51,1,1,1,0.2,1
"47Pla",47,"Plattenwald",0,0,0,0,0,490760.940618206,5429436.79665945,47,3,0,367,230,3888,74,0,0,0,NA,1
"7Pla",7,"Plattenwald",0,0,0,0,0,490804.345817797,5429447.56646207,34,6,11,255.1,107,2351,44,0,0,0,0,1
"16Pla",16,"Plattenwald",0,0,0,0,0,490796.741758141,5429441.07198159,20,3,0,262.7,261.5,868,80,0,0,0,NA,1
"17Pla",17,"Plattenwald",0,0,0,0,0,490803.236238624,5429433.46792193,9,3,0,614.4,149,3525,121,0,0,0,NA,1
"26Pla",26,"Plattenwald",0,0,0,0,0,490789.137698485,5429434.57750111,56,5,2,271.1,141.5,5599,55,0,0,0,0,1
"25Pla",25,"Plattenwald",0,0,0,0,0,490795.632178968,5429426.97344145,63,4,5,140.3,119,384,69,0,1,1,0.2,1
"24Pla",24,"Plattenwald",0,0,0,0,0,490802.126659451,5429419.36938179,23,5,8,616.5,422,3953,64,1,1,2,0.25,1
"23Pla",23,"Plattenwald",0,0,0,0,1,490808.621139935,5429411.76532214,2,2,1,181.5,181.5,313,50,0,0,0,0,1
"22Pla",22,"Plattenwald",0,0,0,0,0,490815.115620418,5429404.16126248,21,3,0,835.7,467,2528,160,0,0,0,NA,1
"21Pla",21,"Plattenwald",0,0,0,0,0,490821.610100901,5429396.55720283,23,3,3,489,315,2897,141,1,3,3,1,1
"20Pla",20,"Plattenwald",0,0,0,0,1,490822.719680074,5429410.65574296,2,1,0,3981,3981,7201,761,0,0,0,NA,1
"19Pla",19,"Plattenwald",0,0,0,0,0,490816.225199591,5429418.25980262,18,4,0,335.5,107,2970,65,0,0,0,NA,1
"5Pla",5,"Plattenwald",0,0,0,0,0,490817.334778763,5429432.35834276,19,3,5,215.4,114,698,50,0,0,0,0,1
"18Pla",18,"Plattenwald",0,0,0,0,1,490809.730719107,5429425.86386228,1,1,1,71,71,71,71,0,0,0,0,1
"6Pla",6,"Plattenwald",0,0,0,0,0,490810.84029828,5429439.96240242,19,4,8,445.4,100,5481,53,0,0,0,0,1
"70Pla",70,"Plattenwald",1,0,0,1,0,490726.249057444,5429446.61987745,0,0,0,NA,NA,NA,NA,0,0,0,NA,1
"4Leu",4,"Leutzsch",0,0,0,0,0,731410.177538589,5695244.49616797,89,2,8,237.4,210,495,80,0,0,0,0,1
"3Leu",3,"Leutzsch",0,0,0,0,0,731407.866429487,5695254.31710417,7,2,5,577.7,129,1871,56,1,3,3,0.6,1
"2Leu",2,"Leutzsch",0,0,0,0,0,731405.555320385,5695264.13804036,23,1,0,185.1,180,387,75,0,0,0,NA,1
"1Leu",1,"Leutzsch",0,0,0,0,0,731403.244211283,5695273.95897656,39,2,13,180.9,142,1633,55,1,0,1,0.0769230769230769,1
"20Leu",20,"Leutzsch",0,0,0,0,0,731412.870673495,5695276.31677474,2,1,0,215,215,250,180,0,0,0,NA,1
"19Leu",19,"Leutzsch",0,0,0,0,0,731415.181782597,5695266.49583854,67,3,9,166.8,135,873,58,0,0,0,0,1
"18Leu",18,"Leutzsch",0,0,0,0,0,731417.492891699,5695256.67490234,38,2,8,204.9,127.5,1500,70,1,1,1,0.125,1
"21Leu",21,"Leutzsch",0,0,0,0,0,731424.808244809,5695268.85363671,26,2,4,418.4,381,1350,115,0,1,1,0.25,1
"22Leu",22,"Leutzsch",0,0,0,0,0,731427.119353911,5695259.03270052,47,3,8,315.5,196,1753,79,3,1,3,0.375,1
"23Leu",23,"Leutzsch",0,0,0,0,0,731429.430463013,5695249.21176432,35,2,6,203.7,211,735,75,0,0,0,0,1
"24Leu",24,"Leutzsch",0,0,0,0,0,731431.741572115,5695239.39082813,16,2,13,210.6,136,1315,80,1,0,1,0.0769230769230769,1
"25Leu",25,"Leutzsch",0,0,0,1,0,731434.052681218,5695229.56989193,0,0,0,NA,NA,NA,NA,0,0,0,NA,1
"26Leu",26,"Leutzsch",0,0,0,0,0,731436.36379032,5695219.74895573,19,2,1,298.7,266,583,76,0,0,0,0,1
"40Leu",40,"Leutzsch",0,0,0,0,0,731434.434707021,5695271.21143489,7,2,3,423.4,165,1748,23,1,1,1,0.333333333333333,1
"39Leu",39,"Leutzsch",0,0,0,0,0,731436.745816123,5695261.39049869,11,2,9,1074.5,895,2740,155,4,5,7,0.777777777777778,1
"38Leu",38,"Leutzsch",0,0,0,0,0,731439.056925225,5695251.5695625,12,2,5,129.4,129.5,239,64,0,0,0,0,1
"37Leu",37,"Leutzsch",0,0,0,0,0,731441.368034327,5695241.7486263,7,2,5,298.3,153,1075,53,0,0,0,0,1
"36Leu",36,"Leutzsch",0,0,0,1,0,731443.67914343,5695231.9276901,0,0,0,NA,NA,NA,NA,0,0,0,NA,1
"46Leu",46,"Leutzsch",0,0,0,0,0,731453.305605641,5695234.28548828,5,1,0,506.6,582,915,164,0,0,0,NA,1
"45Leu",45,"Leutzsch",0,0,0,0,0,731450.994496539,5695244.10642448,37,2,16,190.6,157,535,39,0,0,0,0,1
"44Leu",44,"Leutzsch",0,0,0,0,0,731448.683387437,5695253.92736067,1,1,1,94,94,94,94,0,0,0,0,1
"43Leu",43,"Leutzsch",0,0,0,0,0,731446.372278335,5695263.74829687,9,1,9,351,405,610,89,1,1,1,0.111111111111111,1
"42Leu",42,"Leutzsch",0,0,0,0,0,731444.061169233,5695273.56923306,6,2,5,426.3,340,1115,130,0,2,2,0.4,1
"59Leu",59,"Leutzsch",0,0,0,0,0,731458.309849649,5695256.28515885,19,3,13,137,107,320,60,0,0,0,0,1
"60Leu",60,"Leutzsch",0,0,0,0,0,731455.998740547,5695266.10609504,6,1,6,476.8,396,991,58,2,3,4,0.666666666666667,1
"61Leu",61,"Leutzsch",0,0,0,0,0,731453.687631445,5695275.92703124,30,3,7,271,195.5,810,71,0,0,0,0,1
"64Leu",64,"Leutzsch",0,0,0,1,1,731463.314093656,5695278.28482941,0,0,0,NA,NA,NA,NA,0,0,0,NA,1
"65Leu",65,"Leutzsch",0,0,0,0,0,731465.625202759,5695268.46389322,18,2,13,121.7,104,440,34,3,1,3,0.230769230769231,1
"66Leu",66,"Leutzsch",0,0,0,0,0,731467.936311861,5695258.64295702,25,1,0,195.8,185,408,112,0,0,0,NA,1
"67Leu",67,"Leutzsch",0,0,0,0,0,731470.247420963,5695248.82202083,10,2,3,330.2,205,1035,116,1,2,2,0.666666666666667,1
"68Leu",68,"Leutzsch",0,0,0,0,0,731472.558530065,5695239.00108463,24,3,5,203.3,195,400,75,0,0,0,0,1
"69Leu",69,"Leutzsch",0,0,0,0,0,731474.869639167,5695229.18014843,29,2,19,230.1,135,1858,64,1,1,1,0.0526315789473684,1
"78Leu",78,"Leutzsch",0,0,0,0,1,731484.496101379,5695231.53794661,2,2,0,2223,2223,4300,146,0,0,0,NA,1
"79Leu",79,"Leutzsch",0,0,0,0,0,731482.184992277,5695241.3588828,14,1,14,460.1,124.5,1675,42,3,5,5,0.357142857142857,1
"80Leu",80,"Leutzsch",0,0,0,0,0,731479.873883175,5695251.179819,24,2,8,198.2,155,934,62,1,2,2,0.25,1
"81Leu",81,"Leutzsch",0,0,0,0,0,731477.562774073,5695261.0007552,17,2,9,124.7,109,215,80,0,0,0,0,1
"82Leu",82,"Leutzsch",0,0,0,0,0,731475.251664971,5695270.82169139,25,2,4,249.1,198,688,62,0,1,1,0.25,1
"83Leu",83,"Leutzsch",0,0,0,0,0,731472.940555868,5695280.64262759,31,2,5,438.6,326,1502,95,1,0,1,0.2,1
"86Leu",86,"Leutzsch",0,0,0,0,0,731482.56701808,5695283.00042576,44,2,18,269.3,178.5,1762,45,3,4,4,0.222222222222222,1
"84Leu",84,"Leutzsch",0,0,0,1,1,731470.629446766,5695290.46356378,0,0,0,NA,NA,NA,NA,0,0,0,NA,1
"87Leu",87,"Leutzsch",0,0,0,0,0,731484.878127183,5695273.17948957,40,3,14,254.7,207.5,803,90,2,1,2,0.142857142857143,1
"88Leu",88,"Leutzsch",0,0,0,0,0,731487.189236285,5695263.35855337,39,2,17,180.9,169,318,70,0,0,0,0,1
"89Leu",89,"Leutzsch",0,0,0,0,0,731489.500345387,5695253.53761718,13,2,6,265.2,156,743,61,2,2,3,0.5,1
"5Leu",5,"Leutzsch",0,0,0,0,0,731412.488647691,5695234.67523178,29,2,7,194.2,183,490,43,0,0,0,0,1
"6Leu",6,"Leutzsch",0,0,0,0,0,731414.799756794,5695224.85429558,6,2,3,155.7,144.5,225,95,0,0,0,0,1
"7Leu",7,"Leutzsch",0,0,0,0,0,731417.110865896,5695215.03335938,29,2,13,180.3,156,466,66,0,0,0,0,1
"8Leu",8,"Leutzsch",0,0,0,0,0,731419.421974998,5695205.21242319,18,3,6,339.6,221,1096,83,2,1,2,0.333333333333333,1
"9Leu",9,"Leutzsch",0,0,0,0,0,731421.7330841,5695195.39148699,9,3,6,368.8,100,2114,54,1,0,1,0.166666666666667,1
"10Leu",10,"Leutzsch",0,0,0,0,0,731424.044193202,5695185.5705508,11,2,2,166.5,176,266,51,0,0,0,0,1
"11Leu",11,"Leutzsch",0,0,0,0,0,731433.670655414,5695187.92834897,6,3,3,801.8,261,2061,86,1,1,1,0.333333333333333,1
"12Leu",12,"Leutzsch",0,0,0,0,0,731431.359546312,5695197.74928517,24,3,17,495.7,442,1451,62,8,7,11,0.647058823529412,1
"13Leu",13,"Leutzsch",0,0,0,0,0,731429.04843721,5695207.57022136,34,2,13,439.9,295.5,1818,67,7,2,7,0.538461538461538,1
"14Leu",14,"Leutzsch",0,0,0,0,0,731426.737328108,5695217.39115756,9,2,2,258.3,134,624,80,0,0,0,0,1
"15Leu",15,"Leutzsch",0,0,0,0,0,731424.426219006,5695227.21209375,1,1,1,96,96,96,96,0,0,0,0,1
"16Leu",16,"Leutzsch",0,0,0,0,0,731422.115109903,5695237.03302995,55,3,10,277.4,273,598,83,0,0,0,0,1
"17Leu",17,"Leutzsch",0,0,0,0,0,731419.804000801,5695246.85396615,22,3,5,319.2,123,4304,73,0,0,0,0,1
"29Leu",29,"Leutzsch",0,0,1,0,0,731443.297117626,5695190.28614715,3,2,1,111.3,101,134,99,0,0,0,0,1
"28Leu",28,"Leutzsch",0,0,0,0,0,731440.986008524,5695200.10708334,39,3,8,144.9,132,313,57,0,0,0,0,1
"27Leu",27,"Leutzsch",0,0,0,0,0,731438.674899422,5695209.92801954,8,2,2,300.5,272,710,60,0,0,0,0,1
"32Leu",32,"Leutzsch",0,0,0,0,0,731452.923579838,5695192.64394532,39,4,1,364,116,9990,69,0,0,0,0,1
"33Leu",33,"Leutzsch",0,0,0,0,0,731450.612470736,5695202.46488152,38,5,11,153,129.5,972,54,0,0,0,0,1
"34Leu",34,"Leutzsch",0,0,0,0,0,731448.301361634,5695212.28581771,39,2,13,186.7,165,417,83,0,0,0,0,1
"35Leu",35,"Leutzsch",0,0,0,0,0,731445.990252532,5695222.10675391,19,2,9,222.5,167,588,105,0,0,0,0,1
"51Leu",51,"Leutzsch",0,0,0,1,0,731464.861151152,5695185.1808073,0,0,0,NA,NA,NA,NA,0,0,0,NA,1
"50Leu",50,"Leutzsch",0,0,0,0,0,731462.55004205,5695195.0017435,15,3,1,199.5,142,582,92,0,0,0,0,1
"49Leu",49,"Leutzsch",0,0,0,0,0,731460.238932948,5695204.82267969,7,2,2,137.4,144,229,71,0,0,0,0,1
"48Leu",48,"Leutzsch",0,0,0,0,0,731457.927823846,5695214.64361589,22,2,9,315.9,245.5,978,60,1,1,1,0.111111111111111,1
"58Leu",58,"Leutzsch",0,0,0,0,0,731460.620958751,5695246.46422265,8,2,1,155.2,157.5,260,73,0,0,0,0,1
"57Leu",57,"Leutzsch",0,0,0,0,0,731462.932067853,5695236.64328645,18,2,2,300.7,276.5,933,103,0,0,0,0,1
"56Leu",56,"Leutzsch",0,0,0,0,0,731465.243176955,5695226.82235026,36,2,17,194.2,164.5,465,43,0,0,0,0,1
"55Leu",55,"Leutzsch",0,0,0,0,1,731467.554286058,5695217.00141406,6,3,4,168.5,120,476,76,1,1,1,0.25,1
"54Leu",54,"Leutzsch",0,0,0,0,0,731469.86539516,5695207.18047787,16,2,1,359.9,320.5,751,139,0,0,0,0,1
"53Leu",53,"Leutzsch",0,0,0,0,0,731472.176504262,5695197.35954167,7,2,1,285.1,179,930,121,1,1,1,1,1
"72Leu",72,"Leutzsch",0,0,0,0,0,731481.802966474,5695199.71733985,10,2,8,103.1,77.5,252,65,0,0,0,0,1
"71Leu",71,"Leutzsch",0,0,0,0,0,731479.491857372,5695209.53827604,19,2,5,158.4,158,259,80,0,0,0,0,1
"70Leu",70,"Leutzsch",0,0,0,0,0,731477.18074827,5695219.35921224,37,3,33,295.2,128,4650,74,3,1,3,0.0909090909090909,1
"75Leu",75,"Leutzsch",0,0,0,0,0,731491.429428686,5695202.07513802,22,3,11,251.7,152.5,1734,71,3,1,3,0.272727272727273,1
"76Leu",76,"Leutzsch",0,0,0,0,0,731489.118319584,5695211.89607422,9,3,6,143.1,152,235,53,0,0,0,0,1
"77Leu",77,"Leutzsch",0,0,0,0,0,731486.807210481,5695221.71701041,34,2,18,152.9,134,333,56,1,1,2,0.111111111111111,1
"94Leu",94,"Leutzsch",0,0,1,1,0,731501.055890898,5695204.4329362,0,0,0,NA,NA,NA,NA,0,0,0,NA,1
"93Leu",93,"Leutzsch",0,0,1,1,1,731498.744781796,5695214.25387239,0,0,0,NA,NA,NA,NA,0,0,0,NA,1
"92Leu",92,"Leutzsch",0,0,1,1,0,731496.433672693,5695224.07480859,0,0,0,NA,NA,NA,NA,0,0,0,NA,1
"91Leu",91,"Leutzsch",0,0,1,0,0,731494.122563591,5695233.89574478,24,2,7,573.2,503.5,1866,131,2,3,3,0.428571428571429,1
"90Leu",90,"Leutzsch",0,0,1,0,0,731491.811454489,5695243.71668098,65,2,11,463.8,304,3178,86,5,4,6,0.545454545454545,1
"47Leu",47,"Leutzsch",0,0,0,1,0,731455.616714743,5695224.46455208,0,0,0,NA,NA,NA,NA,0,0,0,NA,1
"95Leu",95,"Leutzsch",0,0,1,0,0,731503.367,5695194.612,21,3,12,91.7,79,193,48,0,0,0,0,1
"74Leu",74,"Leutzsch",0,0,0,0,0,731493.740537788,5695192.25420182,23,2,8,190.1,153,958,65,1,1,1,0.125,1
"38Ett",38,"Ettersberg",0,0,0,0,0,660644.347166784,5654693.05757737,9,2,3,94,89,131,59,0,0,0,0,0
"37Ett",37,"Ettersberg",0,0,0,0,0,660643.722401114,5654683.07731008,5,2,4,96.6,89,138,71,0,0,0,0,0
"36Ett",36,"Ettersberg",0,0,0,0,0,660643.097635445,5654673.0970428,80,3,47,145.2,130,405,45,2,1,3,0.0638297872340425,0
"22Ett",22,"Ettersberg",0,0,0,0,0,660623.236903549,5654674.35285319,6,3,1,150,94,391,52,0,0,0,0,0
"23Ett",23,"Ettersberg",0,0,0,0,0,660623.861669219,5654684.33312047,11,3,4,77.9,75,109,40,0,0,0,0,0
"24Ett",24,"Ettersberg",0,0,0,0,0,660624.486434888,5654694.31338776,8,2,1,86.8,87,111,57,0,0,0,0,0
"25Ett",25,"Ettersberg",0,0,0,0,0,660625.111200557,5654704.29365504,59,2,54,79.1,79,116,48,1,0,1,0.0185185185185185,0
"18Ett",18,"Ettersberg",0,0,0,0,0,660615.180834609,5654704.92156024,78,4,75,73.9,69,295,41,0,0,0,0,0
"19Ett",19,"Ettersberg",0,0,0,0,0,660614.55606894,5654694.94129295,22,2,16,77.8,72.5,142,46,0,0,0,0,0
"20Ett",20,"Ettersberg",0,0,0,0,0,660613.931303271,5654684.96102567,21,5,13,87.9,75,343,40,0,0,0,0,0
"21Ett",21,"Ettersberg",0,0,0,0,0,660613.306537601,5654674.98075838,19,5,6,120.7,98,288,61,0,0,0,0,0
"8Ett",8,"Ettersberg",0,0,0,0,0,660603.376171653,5654675.60866358,1,1,0,448,448,448,448,0,0,0,NA,0
"9Ett",9,"Ettersberg",0,0,0,0,0,660604.000937323,5654685.58893086,41,4,35,73.8,74,138,24,1,1,2,0.0571428571428571,0
"52Ett",52,"Ettersberg",0,0,0,0,0,660662.333601671,5654661.86096512,25,4,3,95,94,170,43,0,0,0,0,1
"53Ett",53,"Ettersberg",0,0,0,0,0,660662.958367341,5654671.84123241,24,2,7,88.9,85.5,181,38,1,0,1,0.142857142857143,1
"54Ett",54,"Ettersberg",0,0,0,0,0,660663.58313301,5654681.82149969,47,4,22,87.9,85,168,45,0,0,0,0,1
"55Ett",55,"Ettersberg",0,0,0,0,0,660664.207898679,5654691.80176698,63,4,45,73.4,69,142,35,0,0,0,0,1
"56Ett",56,"Ettersberg",0,0,0,0,0,660664.832664349,5654701.78203426,25,3,14,75.1,73,129,42,0,0,0,0,1
"59Ett",59,"Ettersberg",0,0,0,0,0,660674.763030296,5654701.15412906,54,3,37,84.9,82,198,41,2,2,4,0.108108108108108,1
"60Ett",60,"Ettersberg",0,0,0,0,0,660674.138264627,5654691.17386178,59,3,39,83.3,73,185,35,1,1,1,0.0256410256410256,1
"70Ett",70,"Ettersberg",0,0,0,0,0,660684.693396244,5654700.52622387,92,5,66,99,92,273,36,3,0,3,0.0454545454545455,1
"69Ett",69,"Ettersberg",0,0,1,0,1,660684.068630575,5654690.54595658,25,5,15,91.6,79,174,56,0,0,0,0,1
"68Ett",68,"Ettersberg",0,0,1,0,0,660683.443864906,5654680.5656893,58,5,35,102.4,96,289,39,1,2,3,0.0857142857142857,1
"73Ett",73,"Ettersberg",0,0,0,0,0,660694.623762192,5654699.89831867,100,5,75,94.6,86,191,50,3,3,6,0.08,1
"74Ett",74,"Ettersberg",0,0,1,0,0,660693.998996523,5654689.91805139,31,4,12,104.4,99,169,46,0,0,0,0,1
"75Ett",75,"Ettersberg",0,0,0,0,0,660693.374230854,5654679.93778411,22,3,13,98.5,93,218,55,1,0,1,0.0769230769230769,1
"84Ett",84,"Ettersberg",0,0,0,0,0,660704.55412814,5654699.27041348,86,4,50,146.7,118,375,50,2,1,2,0.04,1
"87Ett",87,"Ettersberg",0,0,0,0,0,660714.484494088,5654698.64250828,41,3,35,79.1,67,162,35,1,0,1,0.0285714285714286,1
"88Ett",88,"Ettersberg",0,0,0,0,1,660713.859728419,5654688.662241,44,3,32,104.8,106,217,40,1,1,2,0.0625,1
"89Ett",89,"Ettersberg",0,0,0,0,0,660713.234962749,5654678.68197371,17,3,12,94.4,75,162,46,0,1,1,0.0833333333333333,1
"90Ett",90,"Ettersberg",0,0,0,0,0,660712.61019708,5654668.70170643,33,3,21,92.8,85,213,54,1,1,2,0.0952380952380952,1
"91Ett",91,"Ettersberg",0,0,0,0,0,660711.98543141,5654658.72143915,53,4,29,199.5,195,505,35,4,1,5,0.172413793103448,1
"98Ett",98,"Ettersberg",0,0,0,0,0,660724.414860036,5654698.01460309,30,4,14,506.2,368,1870,90,1,1,2,0.142857142857143,1
"86Ett",86,"Ettersberg",0,0,0,0,0,660715.109259757,5654708.62277557,70,4,40,82.1,75.5,264,39,1,0,1,0.025,1
"85Ett",85,"Ettersberg",0,0,0,0,0,660705.178893809,5654709.25068076,11,4,4,761.6,114,3556,50,0,0,0,0,1
"71Ett",71,"Ettersberg",0,0,0,0,0,660685.318161914,5654710.50649115,82,5,40,157.8,119.5,728,52,4,4,7,0.175,1
"57Ett",57,"Ettersberg",0,0,0,0,0,660665.457430018,5654711.76230154,20,3,12,82.6,80.5,142,52,1,0,1,0.0833333333333333,1
"50Ett",50,"Ettersberg",0,0,0,0,0,660652.403235723,5654662.48887032,41,3,12,88.4,89,133,38,0,0,0,0,0
"49Ett",49,"Ettersberg",0,0,0,0,0,660653.028001393,5654672.4691376,1,1,0,101,101,101,101,0,0,0,NA,0
"48Ett",48,"Ettersberg",0,0,0,0,0,660653.652767062,5654682.44940489,65,4,45,106,102,248,45,2,3,5,0.111111111111111,0
"47Ett",47,"Ettersberg",0,0,0,0,0,660654.277532731,5654692.42967217,38,3,28,91.9,86,158,59,1,0,1,0.0357142857142857,0
"46Ett",46,"Ettersberg",0,0,0,1,0,660654.902298401,5654702.40993945,0,0,0,NA,NA,NA,NA,0,0,0,NA,0
"45Ett",45,"Ettersberg",0,0,0,0,0,660655.52706407,5654712.39020674,6,2,5,59.2,57,88,44,0,0,0,0,0
"44Ett",44,"Ettersberg",0,0,0,0,0,660656.151829739,5654722.37047402,1,1,0,434,434,434,434,0,0,0,NA,0
"41Ett",41,"Ettersberg",0,0,0,0,0,660646.221463791,5654722.99837922,28,3,26,62.1,58,95,30,0,0,0,0,0
"40Ett",40,"Ettersberg",0,0,0,0,0,660645.596698122,5654713.01811193,15,4,4,88.5,75,214,53,0,0,0,0,0
"39Ett",39,"Ettersberg",0,0,0,0,0,660644.971932453,5654703.03784465,5,2,3,85.4,78,111,58,0,0,0,0,0
"34Ett",34,"Ettersberg",0,0,0,0,0,660633.792035166,5654683.70521528,5,3,1,114,124,155,73,0,0,0,0,0
"35Ett",35,"Ettersberg",0,0,0,1,0,660633.167269497,5654673.72494799,0,0,0,NA,NA,NA,NA,0,0,0,NA,0
"33Ett",33,"Ettersberg",0,0,0,0,0,660634.416800836,5654693.68548256,1,1,0,110,110,110,110,0,0,0,NA,0
"32Ett",32,"Ettersberg",0,0,0,0,0,660635.041566505,5654703.66574985,5,2,2,89.2,67,142,60,0,0,0,0,0
"31Ett",31,"Ettersberg",0,0,0,0,0,660635.666332174,5654713.64601713,41,3,35,70.6,70,118,40,0,0,0,0,0
"30Ett",30,"Ettersberg",0,0,0,0,0,660636.291097844,5654723.62628441,34,2,33,70.5,66,111,52,0,0,0,0,0
"27Ett",27,"Ettersberg",0,0,0,0,0,660626.360731896,5654724.25418961,43,2,42,68.7,69,104,40,0,0,0,0,0
"26Ett",26,"Ettersberg",0,0,0,0,0,660625.735966226,5654714.27392233,26,3,24,72.2,69,120,37,1,0,1,0.0416666666666667,0
"17Ett",17,"Ettersberg",0,0,0,0,0,660615.805600279,5654714.90182752,5,1,5,78.8,74,94,64,0,0,0,0,0
"16Ett",16,"Ettersberg",0,0,0,0,0,660616.430365948,5654724.8820948,4,1,4,71,70.5,78,65,0,0,0,0,0
"13Ett",13,"Ettersberg",0,0,0,0,0,660606.5,5654725.51,40,3,36,84.1,75,261,48,0,0,0,0,0
"12Ett",12,"Ettersberg",0,0,0,0,0,660605.875234331,5654715.52973272,33,2,31,67,68,108,37,1,0,1,0.032258064516129,0
"11Ett",11,"Ettersberg",0,0,0,0,0,660605.250468661,5654705.54946543,16,1,16,65.2,63,84,44,0,0,0,0,0
"10Ett",10,"Ettersberg",0,0,0,0,0,660604.625702992,5654695.56919815,31,3,24,74.2,72,166,43,0,0,0,0,0
"64Ett",64,"Ettersberg",0,0,0,0,0,660671.63920195,5654651.25279264,21,3,4,92.3,94,190,18,0,0,0,0,1
"63Ett",63,"Ettersberg",0,0,0,0,0,660672.263967619,5654661.23305993,71,4,43,116.2,112,316,36,2,1,3,0.0697674418604651,1
"62Ett",62,"Ettersberg",0,0,0,0,0,660672.888733288,5654671.21332721,46,4,32,123.2,119.5,317,48,1,2,3,0.09375,1
"61Ett",61,"Ettersberg",0,0,0,0,0,660673.513498958,5654681.1935945,58,3,34,98,89,194,38,0,2,2,0.0588235294117647,1
"65Ett",65,"Ettersberg",0,0,0,0,0,660681.569567898,5654650.62488745,40,5,9,235.8,146,735,64,2,3,3,0.333333333333333,1
"66Ett",66,"Ettersberg",0,0,0,0,0,660682.194333567,5654660.60515473,62,4,16,138.8,107.5,488,57,1,1,2,0.125,1
"67Ett",67,"Ettersberg",0,0,0,0,0,660682.819099236,5654670.58542202,44,5,23,121.1,116,274,54,5,1,6,0.260869565217391,1
"76Ett",76,"Ettersberg",0,0,0,0,0,660692.749465184,5654669.95751682,78,5,52,122.4,113,226,47,5,2,5,0.0961538461538462,1
"77Ett",77,"Ettersberg",0,0,0,0,0,660692.124699515,5654659.97724954,23,4,9,243.1,184,1058,80,2,0,2,0.222222222222222,1
"80Ett",80,"Ettersberg",0,0,0,0,0,660702.055065463,5654659.34934434,3,1,3,150.7,127,220,105,1,1,1,0.333333333333333,1
"81Ett",81,"Ettersberg",0,0,0,0,1,660702.679831132,5654669.32961163,6,2,2,139.3,148.5,215,52,0,0,0,0,1
"82Ett",82,"Ettersberg",0,0,0,0,0,660703.304596801,5654679.30987891,42,4,21,119.9,120.5,230,45,0,0,0,0,1
"83Ett",83,"Ettersberg",0,0,0,0,0,660703.929362471,5654689.29014619,72,5,38,134.2,118,390,41,1,2,2,0.0526315789473684,1
"94Ett",94,"Ettersberg",0,0,0,0,0,660721.915797358,5654658.09353395,2,2,1,64,64,82,46,0,0,0,0,1
"95Ett",95,"Ettersberg",0,0,0,0,0,660722.540563028,5654668.07380124,12,2,3,86.7,92.5,113,43,0,0,0,0,1
"96Ett",96,"Ettersberg",0,0,0,0,0,660723.165328697,5654678.05406852,44,4,33,137.7,108.5,1048,49,0,0,0,0,1
"97Ett",97,"Ettersberg",0,0,0,0,0,660723.790094366,5654688.0343358,48,4,36,99,96,186,50,2,0,2,0.0555555555555556,1
"99Ett",99,"Ettersberg",0,0,0,0,0,660725.039625705,5654707.99487037,109,4,84,128.1,115,301,28,2,2,3,0.0357142857142857,1
"72Ett",72,"Ettersberg",0,0,0,0,0,660695.248527861,5654709.87858596,77,5,53,151.8,148,368,51,3,1,3,0.0566037735849057,1
"58Ett",58,"Ettersberg",0,0,0,0,0,660675.387795966,5654711.13439635,68,4,57,106.2,106,266,22,0,0,0,0,1
"89Ste",89,"Stegelitz",0,0,0,1,0,830989.122943593,5904388.37596705,0,0,0,NA,NA,NA,NA,0,0,0,NA,0
"90Ste",90,"Stegelitz",0,0,0,1,0,830986.18254034,5904378.6268783,0,0,0,NA,NA,NA,NA,0,0,0,NA,0
"70Ste",70,"Stegelitz",0,0,0,1,0,830973.500403218,5904371.18096247,0,0,0,NA,NA,NA,NA,0,0,0,NA,0
"71Ste",71,"Stegelitz",0,0,0,1,0,830976.440806471,5904380.93005122,0,0,0,NA,NA,NA,NA,0,0,0,NA,0
"72Ste",72,"Stegelitz",0,0,0,1,0,830979.381209723,5904390.67913997,0,0,0,NA,NA,NA,NA,0,0,0,NA,0
"67Ste",67,"Stegelitz",0,0,0,1,0,830969.639475853,5904392.98231289,0,0,0,NA,NA,NA,NA,0,0,0,NA,0
"68Ste",68,"Stegelitz",0,0,0,1,0,830966.699072601,5904383.23322414,0,0,0,NA,NA,NA,NA,0,0,0,NA,0
"69Ste",69,"Stegelitz",0,0,0,1,0,830963.758669349,5904373.48413539,0,0,0,NA,NA,NA,NA,0,0,0,NA,0
"49Ste",49,"Stegelitz",0,0,0,1,0,830954.016935479,5904375.78730831,0,0,0,NA,NA,NA,NA,0,0,0,NA,0
"50Ste",50,"Stegelitz",0,0,0,1,0,830956.957338731,5904385.53639706,0,0,0,NA,NA,NA,NA,0,0,0,NA,0
"51Ste",51,"Stegelitz",0,0,0,0,0,830959.897741984,5904395.28548581,7,1,7,438.6,418,699,270,3,2,3,0.428571428571429,0
"46Ste",46,"Stegelitz",0,0,0,0,0,830950.156008114,5904397.58865874,4,1,4,117.2,119.5,145,85,0,0,0,0,0
"47Ste",47,"Stegelitz",0,0,0,1,0,830947.215604861,5904387.83956998,0,0,0,NA,NA,NA,NA,0,0,0,NA,0
"48Ste",48,"Stegelitz",0,0,0,1,0,830944.275201609,5904378.09048123,0,0,0,NA,NA,NA,NA,0,0,0,NA,0
"31Ste",31,"Stegelitz",0,0,0,0,1,830940.414274244,5904399.89183166,3,1,3,204.3,193,250,170,0,0,0,0,0
"30Ste",30,"Stegelitz",0,0,0,0,0,830937.473870992,5904390.14274291,16,1,0,215.1,190.5,341,85,0,0,0,NA,0
"29Ste",29,"Stegelitz",0,0,0,0,0,830934.533467739,5904380.39365416,8,3,2,102.6,85.5,215,61,0,0,0,0,0
"28Ste",28,"Stegelitz",0,0,0,0,1,830924.79173387,5904382.69682708,7,2,0,343.6,327,850,80,0,0,0,NA,0
"27Ste",27,"Stegelitz",0,0,0,0,0,830927.732137122,5904392.44591583,23,3,1,513,224,3073,66,0,0,0,0,0
"26Ste",26,"Stegelitz",0,0,0,0,0,830930.672540374,5904402.19500458,13,3,1,529.3,465,1412,99,0,0,0,0,0
"10Ste",10,"Stegelitz",0,0,0,0,0,830917.990403252,5904394.74908875,1,1,0,1140,1140,1140,1140,0,0,0,NA,0
"9Ste",9,"Stegelitz",0,0,0,0,0,830915.05,5904385,3,2,0,232.7,265,315,118,0,0,0,NA,0
"8Ste",8,"Stegelitz",0,0,0,1,0,830911.189072635,5904406.80135042,0,0,0,NA,NA,NA,NA,0,0,0,NA,0
"1Ste",1,"Stegelitz",0,0,0,0,0,830931.771895401,5904475.04497168,9,3,7,293.3,360,464,131,0,0,0,0,0
"2Ste",2,"Stegelitz",0,0,0,0,0,830928.831492149,5904465.29588293,12,3,6,115.5,105.5,242,58,0,0,0,0,0
"3Ste",3,"Stegelitz",0,0,1,1,0,830925.891088897,5904455.54679418,0,0,0,NA,NA,NA,NA,0,0,0,NA,0
"4Ste",4,"Stegelitz",0,0,0,0,0,830922.950685644,5904445.79770543,8,3,3,398.9,377,910,75,0,0,0,0,0
"15Ste",15,"Stegelitz",0,0,0,0,1,830932.692419514,5904443.49453251,6,4,3,363.7,212.5,1228,98,0,0,0,0,0
"16Ste",16,"Stegelitz",0,0,0,0,0,830935.632822766,5904453.24362126,10,3,5,143.6,134,276,38,0,0,0,0,0
"17Ste",17,"Stegelitz",0,0,0,0,1,830938.573226019,5904462.99271001,6,3,2,361.3,480.5,533,80,0,0,0,0,0
"18Ste",18,"Stegelitz",0,0,0,1,0,830941.513629271,5904472.74179876,0,0,0,NA,NA,NA,NA,0,0,0,NA,0
"19Ste",19,"Stegelitz",0,0,0,0,1,830951.255363141,5904470.43862584,1,1,0,1742,1742,1742,1742,0,0,0,NA,0
"20Ste",20,"Stegelitz",0,0,0,0,0,830948.314959888,5904460.68953709,3,1,3,83.7,80,101,70,0,0,0,0,0
"21Ste",21,"Stegelitz",0,0,0,0,0,830945.374556636,5904450.94044833,9,4,3,111.6,82,253,54,2,0,2,0.666666666666667,0
"22Ste",22,"Stegelitz",0,0,0,0,0,830942.434153384,5904441.19135958,12,4,7,169.2,120.5,426,68,0,0,0,0,0
"35Ste",35,"Stegelitz",0,0,0,0,0,830952.175887253,5904438.88818666,21,2,3,179,170,435,65,0,0,0,0,0
"36Ste",36,"Stegelitz",0,0,0,0,0,830955.116290506,5904448.63727541,6,2,5,247.5,180,687,59,0,2,2,0.4,0
"37Ste",37,"Stegelitz",0,0,0,0,0,830958.056693758,5904458.38636416,17,3,14,196.8,108,805,63,0,1,1,0.0714285714285714,0
"38Ste",38,"Stegelitz",0,0,0,0,0,830960.99709701,5904468.13545291,1,1,0,411,411,411,411,0,0,0,NA,0
"39Ste",39,"Stegelitz",0,0,0,0,0,830970.73883088,5904465.83227999,11,1,11,80.8,78,135,47,0,0,0,0,0
"40Ste",40,"Stegelitz",0,0,0,0,0,830967.798427628,5904456.08319124,22,3,17,353.9,223,2215,88,0,3,3,0.176470588235294,0
"57Ste",57,"Stegelitz",0,0,0,0,0,830977.540161497,5904453.78001832,8,2,2,672.8,677.5,1384,63,0,0,0,0,0
"58Ste",58,"Stegelitz",0,0,0,0,0,830980.48056475,5904463.52910707,18,3,2,186.3,161.5,375,85,0,0,0,0,0
"59Ste",59,"Stegelitz",0,0,0,0,0,830993.162701872,5904470.9750229,43,5,34,250.9,112,2525,20,2,0,2,0.0588235294117647,0
"60Ste",60,"Stegelitz",0,0,0,0,0,830990.222298619,5904461.22593415,23,3,16,218.3,150,780,60,0,0,0,0,0
"80Ste",80,"Stegelitz",0,0,0,0,0,831002.904435741,5904468.67184998,17,4,13,125.6,105,361,35,0,2,2,0.153846153846154,0
"81Ste",81,"Stegelitz",0,0,0,0,1,831012.646169611,5904466.36867706,1,1,1,260,260,260,260,0,1,1,1,0
"79Ste",79,"Stegelitz",0,0,0,0,0,830999.964032489,5904458.92276123,5,2,3,460.4,169,1715,80,0,1,1,0.333333333333333,0
"11Ste",11,"Stegelitz",0,0,0,0,0,830920.930806505,5904404.4981775,3,2,0,811,855,970,608,0,0,0,NA,0
"6Ste",6,"Stegelitz",0,0,0,0,0,830917.06987914,5904426.29952793,10,3,8,147.1,121,368,94,0,1,1,0.125,0
"13Ste",13,"Stegelitz",0,0,0,0,0,830926.811613009,5904423.996355,77,5,21,186.2,168,828,49,0,1,1,0.0476190476190476,0
"24Ste",24,"Stegelitz",0,0,0,0,0,830936.553346879,5904421.69318208,36,3,8,167.7,156,405,1,0,1,1,0.125,0
"33Ste",33,"Stegelitz",0,0,0,1,0,830946.295080749,5904419.39000916,0,0,0,NA,NA,NA,NA,0,0,0,NA,0
"44Ste",44,"Stegelitz",0,0,0,0,0,830956.036814618,5904417.08683624,38,2,2,245.5,196,1033,1,1,1,1,0.5,0
"53Ste",53,"Stegelitz",0,0,0,0,0,830965.778548488,5904414.78366332,34,1,0,235.1,222.5,711,74,0,0,0,NA,0
"65Ste",65,"Stegelitz",0,0,0,0,0,830975.520282358,5904412.48049039,34,5,16,268.2,150.5,2581,70,0,0,0,0,0
"74Ste",74,"Stegelitz",0,0,0,0,0,830985.262016227,5904410.17731747,28,4,15,204.6,165.5,626,81,0,0,0,0,0
"87Ste",87,"Stegelitz",0,0,0,0,1,830995.003750097,5904407.87414455,9,3,5,93.8,93,134,67,0,0,0,0,0
"88Ste",88,"Stegelitz",0,0,0,0,0,830992.063346845,5904398.1250558,7,3,1,71.3,60,118,54,0,0,0,0,0
"73Ste",73,"Stegelitz",0,0,0,0,0,830982.321612975,5904400.42822872,80,4,25,135.3,123.5,508,55,1,1,2,0.08,0
"66Ste",66,"Stegelitz",0,0,0,0,0,830972.579879106,5904402.73140164,18,4,14,114.3,104.5,218,72,0,0,0,0,0
"52Ste",52,"Stegelitz",0,0,0,0,0,830962.838145236,5904405.03457456,5,2,4,222.8,183,483,102,0,0,0,0,0
"45Ste",45,"Stegelitz",0,0,0,0,0,830953.096411366,5904407.33774749,8,3,5,312.7,118,1200,40,0,2,2,0.4,0
"32Ste",32,"Stegelitz",0,0,0,0,1,830943.354677496,5904409.64092041,2,1,2,105,105,181,29,0,0,0,0,0
"25Ste",25,"Stegelitz",0,0,0,0,0,830933.612943627,5904411.94409333,112,1,0,440,435,748,185,0,0,0,NA,0
"12Ste",12,"Stegelitz",0,0,0,0,0,830923.871209757,5904414.24726625,17,4,13,136,109,382,54,1,0,1,0.0769230769230769,0
"7Ste",7,"Stegelitz",0,0,0,0,1,830914.129475887,5904416.55043917,33,1,33,112.6,117,179,32,0,1,1,0.0303030303030303,0
"5Ste",5,"Stegelitz",0,0,0,0,0,830920.010282392,5904436.04861668,5,2,3,411.6,100,1010,67,0,0,0,0,0
"14Ste",14,"Stegelitz",0,0,0,0,0,830929.752016262,5904433.74544375,4,2,3,114,74,268,40,0,0,0,0,0
"23Ste",23,"Stegelitz",0,0,0,0,1,830939.493750131,5904431.44227083,8,2,3,156.9,154.5,277,55,0,0,0,0,0
"34Ste",34,"Stegelitz",0,0,0,0,0,830949.235484001,5904429.13909791,32,2,16,252.2,224.5,946,34,0,2,2,0.125,0
"43Ste",43,"Stegelitz",0,0,0,0,0,830958.977217871,5904426.83592499,15,4,4,471.1,226,4060,96,0,0,0,0,0
"54Ste",54,"Stegelitz",0,0,0,0,0,830968.718951741,5904424.53275207,3,3,1,1154,411,2989,62,0,0,0,0,0
"64Ste",64,"Stegelitz",0,0,0,0,0,830978.46068561,5904422.22957914,21,7,6,888.8,515,5861,100,0,0,0,0,0
"75Ste",75,"Stegelitz",0,0,0,0,0,830988.20241948,5904419.92640622,25,6,9,243.2,171,588,56,0,0,0,0,0
"86Ste",86,"Stegelitz",0,0,0,0,1,830997.94415335,5904417.6232333,13,4,4,102.7,76,280,52,0,0,0,0,0
"85Ste",85,"Stegelitz",0,0,0,0,0,831000.884556602,5904427.37232205,20,2,18,86.6,73.5,236,41,0,0,0,0,0
"76Ste",76,"Stegelitz",0,0,0,0,0,830991.142822732,5904429.67549497,16,4,9,179.8,143,516,40,0,0,0,0,0
"63Ste",63,"Stegelitz",0,0,0,0,0,830981.401088862,5904431.9786679,12,5,2,833.6,753.5,1988,124,0,0,0,0,0
"55Ste",55,"Stegelitz",0,0,0,0,0,830971.659354993,5904434.28184082,3,3,1,481.7,670,675,100,0,0,0,0,0
"42Ste",42,"Stegelitz",0,0,0,0,0,830961.917621123,5904436.58501374,17,2,7,176,145,360,81,0,0,0,0,0
"41Ste",41,"Stegelitz",0,0,0,0,0,830964.858024375,5904446.33410249,42,8,29,150.2,114,777,55,1,0,1,0.0344827586206897,0
"56Ste",56,"Stegelitz",0,0,0,0,1,830974.599758245,5904444.03092957,26,2,2,187.5,131.5,641,1,0,0,0,0,0
"62Ste",62,"Stegelitz",0,0,0,0,1,830984.341492115,5904441.72775665,2,1,0,3289.5,3289.5,3619,2960,0,0,0,NA,0
"77Ste",77,"Stegelitz",0,0,0,0,0,830994.083225984,5904439.42458372,2,2,1,133.5,133.5,200,67,0,0,0,0,0
"84Ste",84,"Stegelitz",0,0,0,0,0,831003.824959854,5904437.1214108,17,3,10,142.5,81,536,43,0,0,0,0,0
"83Ste",83,"Stegelitz",0,0,0,0,0,831006.765363107,5904446.87049955,2,2,1,2015.5,2015.5,3951,80,0,0,0,0,0
"82Ste",82,"Stegelitz",0,0,0,0,0,831009.705766359,5904456.6195883,12,4,7,455.7,202,1911,65,1,0,1,0.142857142857143,0
"78Ste",78,"Stegelitz",0,0,0,0,0,830997.023629237,5904449.17367247,5,2,0,377.4,204,1228,75,0,0,0,NA,0
"61Ste",61,"Stegelitz",0,0,0,0,0,830987.281895367,5904451.4768454,33,3,1,405.5,217,2645,65,0,0,0,0,0
"4Gre",4,"Greifswald",0,0,0,0,0,791201.733213862,6000223.5765813,3,2,0,253.7,261,380,120,0,0,0,NA,1
"17Gre",17,"Greifswald",0,0,0,1,0,791196.79551213,6000215.22738363,0,0,0,NA,NA,NA,NA,0,0,0,NA,1
"24Gre",24,"Greifswald",0,0,0,1,0,791191.857810397,6000206.87818597,0,0,0,NA,NA,NA,NA,0,0,0,NA,1
"37Gre",37,"Greifswald",0,0,0,1,0,791186.920108664,6000198.52898831,0,0,0,NA,NA,NA,NA,0,0,0,NA,1
"44Gre",44,"Greifswald",0,0,0,1,0,791181.982406931,6000190.17979065,0,0,0,NA,NA,NA,NA,0,0,0,NA,1
"56Gre",56,"Greifswald",0,0,0,0,0,791177.044705198,6000181.83059299,3,1,0,193.3,166,254,160,0,0,0,NA,1
"65Gre",65,"Greifswald",0,0,0,0,0,791172.107003466,6000173.48139532,9,1,0,123.7,121,144,98,0,0,0,NA,1
"71Gre",71,"Greifswald",0,0,0,0,0,791208.522349704,6000139.79101727,1,1,0,161,161,161,161,0,0,0,NA,0
"72Gre",72,"Greifswald",0,0,0,1,0,791200.25174011,6000144.85925335,0,0,0,NA,NA,NA,NA,0,0,0,NA,0
"73Gre",73,"Greifswald",0,0,0,0,0,791191.981130515,6000149.92748943,2,1,2,209.5,209.5,240,179,0,0,0,0,0
"74Gre",74,"Greifswald",0,0,0,1,0,791183.710520921,6000154.99572551,0,0,0,NA,NA,NA,NA,0,0,0,NA,0
"75Gre",75,"Greifswald",0,0,0,0,0,791175.439911327,6000160.06396158,11,2,0,94.1,98,124,47,0,0,0,NA,0
"76Gre",76,"Greifswald",0,0,0,0,0,791167.169301733,6000165.13219766,1,1,0,118,118,118,118,0,0,0,NA,0
"77Gre",77,"Greifswald",0,0,0,0,0,791158.898692139,6000170.20043374,15,2,13,82.7,80,134,30,0,0,0,0,0
"78Gre",78,"Greifswald",0,0,0,1,0,791150.628082544,6000175.26866982,0,0,0,NA,NA,NA,NA,0,0,0,NA,0
"79Gre",79,"Greifswald",0,0,0,1,0,791142.35747295,6000180.33690589,0,0,0,NA,NA,NA,NA,0,0,0,NA,0
"80Gre",80,"Greifswald",0,0,0,1,0,791134.086863356,6000185.40514197,0,0,0,NA,NA,NA,NA,0,0,0,NA,0
"81Gre",81,"Greifswald",0,0,0,0,0,791129.149161623,6000177.05594431,6,2,1,93.8,83.5,159,62,0,0,0,0,0
"82Gre",82,"Greifswald",0,0,0,1,0,791137.419771217,6000171.98770823,0,0,0,NA,NA,NA,NA,0,0,0,NA,0
"83Gre",83,"Greifswald",0,0,0,0,0,791145.690380812,6000166.91947216,11,1,0,89.5,86,133,71,0,0,0,NA,0
"84Gre",84,"Greifswald",0,0,0,0,0,791153.960990406,6000161.85123608,8,2,5,76.1,80,110,46,0,0,0,0,0
"85Gre",85,"Greifswald",0,0,0,0,0,791162.2316,6000156.783,1,1,0,83,83,83,83,0,0,0,NA,0
"86Gre",86,"Greifswald",0,0,0,0,0,791170.502209594,6000151.71476392,11,3,5,122.3,91,365,56,0,0,0,0,0
"87Gre",87,"Greifswald",0,0,0,0,0,791178.772819189,6000146.64652784,1,1,1,262,262,262,262,0,0,0,0,0
"88Gre",88,"Greifswald",0,0,0,0,0,791187.043428783,6000141.57829177,5,1,5,70.8,64,96,45,0,0,0,0,0
"89Gre",89,"Greifswald",0,0,0,1,0,791195.314038377,6000136.51005569,0,0,0,NA,NA,NA,NA,0,0,0,NA,0
"90Gre",90,"Greifswald",0,0,0,0,0,791203.584647971,6000131.44181961,5,1,5,59.4,59,70,51,0,0,0,0,0
"91Gre",91,"Greifswald",0,0,0,1,0,791198.646946238,6000123.09262195,0,0,0,NA,NA,NA,NA,0,0,0,NA,0
"92Gre",92,"Greifswald",0,0,0,1,0,791190.376336644,6000128.16085803,0,0,0,NA,NA,NA,NA,0,0,0,NA,0
"93Gre",93,"Greifswald",0,0,0,1,0,791182.10572705,6000133.2290941,0,0,0,NA,NA,NA,NA,0,0,0,NA,0
"94Gre",94,"Greifswald",0,0,0,1,0,791173.835117456,6000138.29733018,0,0,0,NA,NA,NA,NA,0,0,0,NA,0
"95Gre",95,"Greifswald",0,0,0,0,0,791165.564507862,6000143.36556626,3,2,0,143,111,253,65,0,0,0,NA,0
"7Gre",7,"Greifswald",0,0,0,0,0,791226.545042645,6000208.37187306,14,2,5,869.6,225,3051,66,5,5,5,1,1
"14Gre",14,"Greifswald",0,0,0,0,1,791221.607340912,6000200.0226754,1,1,0,414,414,414,414,0,0,0,NA,1
"27Gre",27,"Greifswald",0,0,0,1,0,791216.669639179,6000191.67347774,0,0,0,NA,NA,NA,NA,0,0,0,NA,1
"34Gre",34,"Greifswald",0,0,0,1,1,791211.731937447,6000183.32428008,0,0,0,NA,NA,NA,NA,0,0,0,NA,1
"47Gre",47,"Greifswald",0,0,0,1,1,791206.794235714,6000174.97508241,0,0,0,NA,NA,NA,NA,0,0,0,NA,1
"53Gre",53,"Greifswald",0,0,0,1,0,791201.856533981,6000166.62588475,0,0,0,NA,NA,NA,NA,0,0,0,NA,1
"68Gre",68,"Greifswald",0,0,0,0,0,791196.918832248,6000158.27668709,1,1,0,146,146,146,146,0,0,0,NA,1
"52Gre",52,"Greifswald",0,0,0,1,1,791210.127143575,6000161.55764867,0,0,0,NA,NA,NA,NA,0,0,0,NA,1
"48Gre",48,"Greifswald",0,0,0,1,0,791215.064845308,6000169.90684634,0,0,0,NA,NA,NA,NA,0,0,0,NA,1
"33Gre",33,"Greifswald",0,0,0,1,1,791220.002547041,6000178.256044,0,0,0,NA,NA,NA,NA,0,0,0,NA,1
"28Gre",28,"Greifswald",0,0,0,1,1,791224.940248774,6000186.60524166,0,0,0,NA,NA,NA,NA,0,0,0,NA,1
"13Gre",13,"Greifswald",0,0,0,1,1,791229.877950507,6000194.95443932,0,0,0,NA,NA,NA,NA,0,0,0,NA,1
"8Gre",8,"Greifswald",0,0,0,1,0,791234.815652239,6000203.30363698,0,0,0,NA,NA,NA,NA,0,0,0,NA,1
"9Gre",9,"Greifswald",0,0,0,0,0,791243.086261833,6000198.23540091,4,2,0,1109.2,697,2851,192,0,0,0,NA,1
"12Gre",12,"Greifswald",0,0,0,1,0,791238.148560101,6000189.88620324,0,0,0,NA,NA,NA,NA,0,0,0,NA,1
"29Gre",29,"Greifswald",0,0,0,0,0,791233.210858368,6000181.53700558,1,1,0,183,183,183,183,0,0,0,NA,1
"32Gre",32,"Greifswald",0,0,0,1,0,791228.273156635,6000173.18780792,0,0,0,NA,NA,NA,NA,0,0,0,NA,1
"49Gre",49,"Greifswald",0,0,0,1,0,791223.335454902,6000164.83861026,0,0,0,NA,NA,NA,NA,0,0,0,NA,1
"51Gre",51,"Greifswald",0,0,0,1,0,791218.39775317,6000156.4894126,0,0,0,NA,NA,NA,NA,0,0,0,NA,1
"50Gre",50,"Greifswald",0,0,0,0,0,791231.606064497,6000159.77037418,3,2,0,474.7,526,594,304,0,0,0,NA,1
"31Gre",31,"Greifswald",0,0,0,1,1,791236.543766229,6000168.11957184,0,0,0,NA,NA,NA,NA,0,0,0,NA,1
"30Gre",30,"Greifswald",0,0,0,0,0,791241.481467962,6000176.46876951,21,2,15,211.4,159,1141,70,7,7,7,0.466666666666667,1
"11Gre",11,"Greifswald",0,0,0,1,1,791246.419169695,6000184.81796717,0,0,0,NA,NA,NA,NA,0,0,0,NA,1
"10Gre",10,"Greifswald",0,0,0,0,0,791251.356871428,6000193.16716483,11,2,0,311.3,192,1008,116,0,0,0,NA,1
"70Gre",70,"Greifswald",0,0,0,1,0,791213.460051437,6000148.14021493,0,0,0,NA,NA,NA,NA,0,0,0,NA,1
"69Gre",69,"Greifswald",0,0,0,0,0,791205.189441843,6000153.20845101,5,1,5,69,65,82,56,1,1,1,0.2,1
"67Gre",67,"Greifswald",0,0,0,1,1,791188.648222654,6000163.34492317,0,0,0,NA,NA,NA,NA,0,0,0,NA,1
"54Gre",54,"Greifswald",0,0,0,1,1,791193.585924387,6000171.69412083,0,0,0,NA,NA,NA,NA,0,0,0,NA,1
"46Gre",46,"Greifswald",0,0,0,1,1,791198.52362612,6000180.04331849,0,0,0,NA,NA,NA,NA,0,0,0,NA,1
"35Gre",35,"Greifswald",0,0,0,0,0,791203.461327852,6000188.39251615,2,1,2,92,92,172,12,0,1,1,0.5,1
"26Gre",26,"Greifswald",0,0,0,0,0,791208.399029585,6000196.74171382,7,3,1,219.6,170,496,136,0,0,0,0,1
"15Gre",15,"Greifswald",0,0,0,0,0,791213.336731318,6000205.09091148,2,1,2,757.5,757.5,906,609,1,1,1,0.5,1
"6Gre",6,"Greifswald",0,0,0,0,0,791218.274433051,6000213.44010914,6,2,5,452.7,513.5,601,161,1,4,4,0.8,1
"5Gre",5,"Greifswald",0,0,0,0,0,791210.003823456,6000218.50834522,9,3,1,196,146,440,100,0,0,0,0,1
"16Gre",16,"Greifswald",0,0,0,0,0,791205.066121724,6000210.15914756,13,3,0,151.3,110,639,71,0,0,0,NA,1
"25Gre",25,"Greifswald",0,0,0,1,0,791200.128419991,6000201.80994989,0,0,0,NA,NA,NA,NA,0,0,0,NA,1
"36Gre",36,"Greifswald",0,0,0,1,0,791195.190718258,6000193.46075223,0,0,0,NA,NA,NA,NA,0,0,0,NA,1
"66Gre",66,"Greifswald",0,0,0,1,0,791180.37761306,6000168.41315925,0,0,0,NA,NA,NA,NA,0,0,0,NA,1
"1Gre",1,"Greifswald",0,0,0,0,0,791176.92138508,6000238.78128953,2,2,1,232.5,232.5,275,190,0,1,1,1,0
"2Gre",2,"Greifswald",0,0,0,1,1,791185.191994674,6000233.71305345,0,0,0,NA,NA,NA,NA,0,0,0,NA,0
"3Gre",3,"Greifswald",0,0,0,1,0,791193.462604268,6000228.64481737,0,0,0,NA,NA,NA,NA,0,0,0,NA,1
"18Gre",18,"Greifswald",0,0,0,1,0,791188.524902535,6000220.29561971,0,0,0,NA,NA,NA,NA,0,0,0,NA,1
"19Gre",19,"Greifswald",0,0,0,1,0,791180.254292941,6000225.36385579,0,0,0,NA,NA,NA,NA,0,0,0,NA,0
"20Gre",20,"Greifswald",0,0,0,0,0,791171.983683347,6000230.43209187,2,1,0,237,237,281,193,0,0,0,NA,0
"21Gre",21,"Greifswald",0,0,0,0,0,791167.045981614,6000222.08289421,3,2,1,689.3,519,1121,428,0,0,0,0,0
"22Gre",22,"Greifswald",0,0,0,1,0,791175.316591208,6000217.01465813,0,0,0,NA,NA,NA,NA,0,0,0,NA,0
"23Gre",23,"Greifswald",0,0,0,1,0,791183.587200803,6000211.94642205,0,0,0,NA,NA,NA,NA,0,0,0,NA,0
"38Gre",38,"Greifswald",0,0,0,1,0,791178.64949907,6000203.59722439,0,0,0,NA,NA,NA,NA,0,0,0,NA,0
"39Gre",39,"Greifswald",0,0,0,1,0,791170.378889475,6000208.66546046,0,0,0,NA,NA,NA,NA,0,0,0,NA,0
"40Gre",40,"Greifswald",0,0,0,1,0,791162.108279881,6000213.73369654,0,0,0,NA,NA,NA,NA,0,0,0,NA,0
"41Gre",41,"Greifswald",0,0,0,0,0,791157.170578148,6000205.38449888,2,2,1,275.5,275.5,355,196,0,0,0,0,0
"60Gre",60,"Greifswald",0,0,0,1,1,791143.962266821,6000202.1035373,0,0,0,NA,NA,NA,NA,0,0,0,NA,0
"42Gre",42,"Greifswald",0,0,0,1,0,791165.441187743,6000200.3162628,0,0,0,NA,NA,NA,NA,0,0,0,NA,0
"43Gre",43,"Greifswald",0,0,0,1,0,791173.711797337,6000195.24802673,0,0,0,NA,NA,NA,NA,0,0,0,NA,0
"57Gre",57,"Greifswald",0,0,0,1,0,791168.774095604,6000186.89882906,0,0,0,NA,NA,NA,NA,0,0,0,NA,0
"58Gre",58,"Greifswald",0,0,0,1,0,791160.50348601,6000191.96706514,0,0,0,NA,NA,NA,NA,0,0,0,NA,0
"59Gre",59,"Greifswald",0,0,0,0,0,791152.232876416,6000197.03530122,3,3,1,578,333,1138,263,0,0,0,0,0
"61Gre",61,"Greifswald",0,0,0,1,0,791139.024565089,6000193.75433963,0,0,0,NA,NA,NA,NA,0,0,0,NA,0
"62Gre",62,"Greifswald",0,0,0,0,0,791147.295174683,6000188.68610356,1,1,0,121,121,121,121,0,0,0,NA,0
"63Gre",63,"Greifswald",0,0,0,1,0,791155.565784277,6000183.61786748,0,0,0,NA,NA,NA,NA,0,0,0,NA,0
"64Gre",64,"Greifswald",0,0,0,0,0,791163.836393871,6000178.5496314,1,1,0,69,69,69,69,0,0,0,NA,0
"100Gre",100,"Greifswald",0,0,0,0,0,791124.21145989,6000168.70674665,1,1,1,330,330,330,330,0,0,0,0,0
"99Gre",99,"Greifswald",0,0,0,1,1,791132.482069485,6000163.63851057,0,0,0,NA,NA,NA,NA,0,0,0,NA,0
"98Gre",98,"Greifswald",0,0,0,1,0,791140.752679079,6000158.57027449,0,0,0,NA,NA,NA,NA,0,0,0,NA,0
"97Gre",97,"Greifswald",0,0,0,0,0,791149.023288673,6000153.50203842,7,2,5,98,101,124,61,0,0,0,0,0
"SUMME",96,"Greifswald",0,0,0,0,0,791157.293898267,6000148.43380234,1,1,1,49,49,49,49,0,0,0,0,0
"1",780,"9",50,4,37,160,63,NA,NA,15984,35,5918,211.897490456224,120,9990,1,303,275,478,0.080770530584657,NA
