"ID_plot","Plotnummer","Flaeche","Rand","Zaun","Rueckegasse","keine.baeume","Flaeche.bedeckt","x","y","n_trees","n_species","n_ash","height_mean","height_median","height_max","height_min","n_ets_new","n_ets_old","n_ets_total"
"74Sch",74,"Schotten",0,0,0,0,0,509029.51122185,5592018.74879335,95,5,11,191.5,147,1237,5,0,0,0
"75Sch",75,"Schotten",0,0,0,1,0,509019.840480818,5592020.53282458,0,0,0,NA,NA,-Inf,Inf,0,0,0
"76Sch",76,"Schotten",0,0,0,0,0,509018.074289897,5592010.7643993,8,2,1,676.1,447.5,1790,110,0,0,0
"77Sch",77,"Schotten",0,0,0,0,0,509016.308098976,5592000.99597401,11,4,1,206,215,433,48,0,0,0
"78Sch",78,"Schotten",0,0,0,0,1,509014.541908054,5591991.22754873,4,4,1,864.8,660,1708,431,0,0,0
"79Sch",79,"Schotten",0,0,0,0,0,508999.572594258,5591963.7063041,23,5,8,151.2,134,445,56,4,1,4
"80Sch",80,"Schotten",0,0,0,0,0,509001.338785179,5591973.47472939,42,5,12,156.5,143.5,398,50,1,0,1
"81Sch",81,"Schotten",0,0,0,0,0,509003.1049761,5591983.24315467,8,4,3,227.8,131.5,775,30,0,0,0
"82Sch",82,"Schotten",0,0,0,0,0,509004.871167022,5591993.01157996,1,1,0,4340,4340,4340,4340,0,0,0
"83Sch",83,"Schotten",0,0,0,0,0,509006.637357943,5592002.78000525,1,1,0,5200,5200,5200,5200,0,0,0
"84Sch",84,"Schotten",0,0,0,0,0,509008.403548864,5592012.54843053,3,2,0,155.3,170,196,100,0,0,0
"85Sch",85,"Schotten",0,0,0,0,0,509010.169739785,5592022.31685582,11,3,0,582.1,368,1650,60,0,0,0
"86Sch",86,"Schotten",0,0,0,0,1,509011.935930706,5592032.0852811,1,1,0,454,454,454,454,0,0,0
"87Sch",87,"Schotten",0,0,0,0,0,509002.265189674,5592033.86931234,25,4,2,119.9,74,790,43,0,0,0
"88Sch",88,"Schotten",0,0,0,0,0,509000.498998753,5592024.10088705,80,4,2,194.7,130,1205,19,0,0,0
"89Sch",89,"Schotten",0,0,0,1,0,508998.732807831,5592014.33246177,0,0,0,NA,NA,-Inf,Inf,0,0,0
"90Sch",90,"Schotten",0,0,0,0,0,508996.96661691,5592004.56403648,16,5,1,170.6,114,911,53,0,0,0
"91Sch",91,"Schotten",0,0,0,0,0,508995.200425989,5591994.79561119,11,5,4,836.6,407,2323,107,1,1,2
"92Sch",92,"Schotten",0,0,0,0,0,508993.434235068,5591985.02718591,12,4,6,129.2,120.5,245,75,0,2,2
"93Sch",93,"Schotten",0,0,0,1,0,508991.668044147,5591975.25876062,0,0,0,NA,NA,-Inf,Inf,0,0,0
"94Sch",94,"Schotten",1,0,0,0,0,508981.997303114,5591977.04279186,0,0,0,NA,NA,-Inf,Inf,0,0,0
"95Sch",95,"Schotten",0,0,0,0,0,508983.763494035,5591986.81121714,80,5,31,129.1,111.5,404,35,3,0,3
"96Sch",96,"Schotten",0,0,0,0,0,508985.529684956,5591996.57964243,71,6,22,179,136,733,65,1,0,1
"97Sch",97,"Schotten",0,0,0,0,0,508987.295875878,5592006.34806771,13,3,2,141.8,150,220,80,0,0,0
"98Sch",98,"Schotten",0,0,0,0,0,508989.062066799,5592016.116493,5,4,1,989.2,529,2314,145,1,1,1
"99Sch",99,"Schotten",0,0,0,0,0,508990.82825772,5592025.88491828,21,3,1,187.5,121,1072,41,1,0,1
"52Sch",52,"Schotten",0,0,0,0,0,509038.255558389,5591956.57017917,9,3,2,3231.9,2685,6782,207,0,0,0
"53Sch",53,"Schotten",0,0,0,0,0,509040.02174931,5591966.33860445,9,4,3,754.8,286,3717,164,0,0,0
"54Sch",54,"Schotten",0,0,0,0,0,509041.787940231,5591976.10702974,20,4,5,774,357,5080,122,1,1,1
"63Sch",63,"Schotten",0,0,0,0,0,509032.117199198,5591977.89106097,13,4,4,1459.1,1112,4152,349,1,1,2
"70Sch",70,"Schotten",0,0,0,0,0,509022.446458166,5591979.67509221,3,2,1,1261,182,3446,155,0,0,0
"69Sch",69,"Schotten",0,0,0,0,0,509020.680267244,5591969.90666692,8,3,2,1036.6,210,3880,128,0,0,0
"107Sch",107,"Schotten",1,0,0,0,0,508972.326562081,5591978.82682309,0,0,0,NA,NA,-Inf,Inf,0,0,0
"106Sch",106,"Schotten",0,0,0,0,0,508974.092753003,5591988.59524838,75,5,50,161.4,129,904,59,5,0,5
"105Sch",105,"Schotten",0,0,0,0,0,508975.858943924,5591998.36367366,36,5,12,126,109,795,44,3,1,4
"104Sch",104,"Schotten",0,0,0,0,0,508977.625134845,5592008.13209895,67,4,19,132.7,118,466,45,5,1,6
"103Sch",103,"Schotten",1,0,0,0,0,508979.391325766,5592017.90052423,0,0,0,NA,NA,-Inf,Inf,0,0,0
"102Sch",102,"Schotten",1,0,0,0,0,508981.157516687,5592027.66894952,0,0,0,NA,NA,-Inf,Inf,0,0,0
"101Sch",101,"Schotten",1,0,0,0,0,508982.923707609,5592037.4373748,0,0,0,NA,NA,-Inf,Inf,0,0,0
"100Sch",100,"Schotten",1,0,0,0,0,508992.594448641,5592035.65334357,0,0,0,NA,NA,-Inf,Inf,0,0,0
"55Sch",55,"Schotten",0,0,0,0,0,509043.554131152,5591985.87545503,60,5,11,411.2,248,2440,62,1,0,1
"56Sch",56,"Schotten",0,0,0,0,0,509045.320322073,5591995.64388031,10,3,3,208.7,169.5,562,89,1,1,1
"57Sch",57,"Schotten",0,0,0,0,0,509047.086512995,5592005.4123056,1,1,1,245,245,245,245,1,0,1
"58Sch",58,"Schotten",0,1,0,0,0,509048.852703916,5592015.18073088,0,0,0,NA,NA,-Inf,Inf,0,0,0
"60Sch",60,"Schotten",0,0,0,0,0,509037.415771962,5592007.19633683,22,5,12,276.2,188,1407,95,3,0,3
"61Sch",61,"Schotten",0,0,0,0,0,509035.649581041,5591997.42791155,41,4,2,313,221,1664,99,0,0,0
"62Sch",62,"Schotten",0,0,0,0,0,509033.88339012,5591987.65948626,18,6,10,343.1,333,743,101,0,0,0
"64Sch",64,"Schotten",0,0,0,0,0,509030.351008277,5591968.12263569,35,4,8,376.1,327,1044,176,2,1,3
"65Sch",65,"Schotten",0,0,0,0,0,509028.584817356,5591958.3542104,59,5,20,375.3,190,2098,80,0,0,0
"68Sch",68,"Schotten",0,0,0,0,0,509018.914076323,5591960.13824164,44,3,0,199.2,184,523,44,0,0,0
"71Sch",71,"Schotten",0,0,0,0,0,509024.212649087,5591989.44351749,38,5,5,374.1,235,1570,85,2,0,2
"72Sch",72,"Schotten",0,0,0,0,0,509025.978840008,5591999.21194278,34,4,2,274.9,208,1200,56,0,0,0
"73Sch",73,"Schotten",0,0,1,0,0,509027.745030929,5592008.98036806,8,3,1,86.5,53,236,36,0,0,0
"35Sch",35,"Schotten",0,0,0,0,0,509072.56635425,5591980.52336133,34,4,2,294,218.5,1061,90,0,0,0
"36Sch",36,"Schotten",0,0,0,0,0,509070.800163329,5591970.75493604,59,5,1,405.9,310,2096,73,0,0,0
"37Sch",37,"Schotten",0,0,0,0,0,509069.033972408,5591960.98651075,25,3,0,1263.9,1053,4210,262,0,0,0
"38Sch",38,"Schotten",0,0,0,0,0,509067.267781486,5591951.21808547,20,4,1,286.1,195,1440,76,0,0,0
"39Sch",39,"Schotten",1,0,0,0,0,509065.501590565,5591941.44966018,0,0,0,NA,NA,-Inf,Inf,0,0,0
"40Sch",40,"Schotten",1,0,0,0,0,509055.830849533,5591943.23369142,0,0,0,NA,NA,-Inf,Inf,0,0,0
"41Sch",41,"Schotten",0,0,0,0,0,509064.661804139,5591992.07581784,14,4,1,294.1,144.5,1136,65,0,0,0
"42Sch",42,"Schotten",0,0,0,0,0,509066.42799506,5592001.84424313,5,2,0,539.6,406,943,100,0,0,0
"43Sch",43,"Schotten",1,0,0,0,0,509058.523444948,5592013.39669965,0,0,0,NA,NA,-Inf,Inf,0,0,0
"44Sch",44,"Schotten",0,0,0,0,0,509056.757254027,5592003.62827436,2,2,1,590,590,880,300,0,0,0
"45Sch",45,"Schotten",0,0,0,0,0,509054.991063106,5591993.85984908,64,5,3,170.3,130,1030,38,0,0,0
"46Sch",46,"Schotten",0,0,0,0,0,509053.224872185,5591984.09142379,66,5,13,156.1,145,730,43,0,1,1
"47Sch",47,"Schotten",0,0,0,0,0,509051.458681263,5591974.32299851,30,3,19,174.4,149,670,71,0,1,1
"48Sch",48,"Schotten",0,0,0,0,1,509049.692490342,5591964.55457322,3,1,0,4056.7,4180,5500,2490,0,0,0
"49Sch",49,"Schotten",0,0,0,0,0,509047.926299421,5591954.78614794,1,1,1,215,215,215,215,0,0,0
"17Sch",17,"Schotten",0,0,0,0,0,509093.674027236,5591986.72372414,15,2,0,133.7,124,191,88,0,0,0
"18Sch",18,"Schotten",0,0,0,0,0,509091.907836315,5591976.95529886,9,4,0,1266.1,620,3130,368,0,0,0
"19Sch",19,"Schotten",0,0,0,0,0,509090.141645394,5591967.18687357,1,1,1,209,209,209,209,0,0,0
"20Sch",20,"Schotten",0,0,0,1,0,509088.375454473,5591957.41844829,0,0,0,NA,NA,-Inf,Inf,0,0,0
"21Sch",21,"Schotten",0,0,1,0,0,509086.609263552,5591947.650023,21,6,2,651.2,605,1620,151,0,0,0
"22Sch",22,"Schotten",0,0,0,0,0,509084.84307263,5591937.88159772,3,1,0,1184,1340,1718,494,0,0,0
"23Sch",23,"Schotten",0,0,0,0,0,509075.172331598,5591939.66562895,3,2,0,67,54,101,46,0,0,0
"24Sch",24,"Schotten",0,0,0,0,0,509076.938522519,5591949.43405424,28,6,5,246.1,206.5,741,82,0,0,0
"25Sch",25,"Schotten",0,0,0,0,0,509078.70471344,5591959.20247952,55,5,10,368.4,270,1364,89,0,2,2
"26Sch",26,"Schotten",0,0,1,0,0,509080.470904361,5591968.97090481,99,5,14,206.8,137,1450,53,0,1,1
"27Sch",27,"Schotten",0,0,1,0,0,509082.237095283,5591978.73933009,8,3,0,289.5,155.5,704,96,0,0,0
"28Sch",28,"Schotten",0,0,0,0,0,509084.003286204,5591988.50775538,34,6,3,502.9,337.5,2280,94,0,0,0
"29Sch",29,"Schotten",0,0,0,0,0,509085.769477125,5591998.27618066,16,3,1,352.3,242,1728,95,0,0,0
"30Sch",30,"Schotten",0,0,0,1,0,509087.535668046,5592008.04460595,0,0,0,NA,NA,-Inf,Inf,0,0,0
"31Sch",31,"Schotten",0,0,0,0,0,509089.301858967,5592017.81303123,24,3,4,503.8,325.5,1801,66,0,0,0
"32Sch",32,"Schotten",0,0,1,0,0,509091.068049889,5592027.58145652,8,4,2,356.5,216.5,1104,82,0,0,0
"33Sch",33,"Schotten",0,0,0,0,0,509092.83424081,5592037.3498818,7,1,0,1645.9,649,5330,177,0,0,0
"34Sch",34,"Schotten",0,0,0,0,0,509074.332545171,5591990.29178661,20,7,2,382.9,220.5,1910,95,0,0,0
"1Sch",1,"Schotten",0,0,0,1,0,509094.513813663,5591936.09756648,0,0,0,NA,NA,-Inf,Inf,0,0,0
"2Sch",2,"Schotten",0,0,0,0,0,509096.280004584,5591945.86599177,1,1,1,140,140,140,140,0,0,0
"3Sch",3,"Schotten",0,0,0,1,0,509098.046195505,5591955.63441705,0,0,0,NA,NA,-Inf,Inf,0,0,0
"4Sch",4,"Schotten",0,0,0,0,0,509099.812386427,5591965.40284234,10,3,3,500,93,4200,45,0,0,0
"5Sch",5,"Schotten",0,0,0,0,0,509101.578577348,5591975.17126762,6,4,1,473,492,542,355,0,0,0
"6Sch",6,"Schotten",0,0,0,0,0,509103.344768269,5591984.93969291,24,5,5,326.2,184.5,1920,77,0,0,0
"7Sch",7,"Schotten",0,0,0,0,0,509105.11095919,5591994.7081182,71,5,3,155.4,119,1430,48,0,0,0
"8Sch",8,"Schotten",0,0,0,0,0,509106.877150111,5592004.47654348,59,5,11,139.8,116,475,64,0,0,0
"9Sch",9,"Schotten",0,0,0,0,0,509108.643341033,5592014.24496877,3,2,0,3122.7,3280,4250,1838,0,0,0
"10Sch",10,"Schotten",0,0,0,0,0,509110.409531954,5592024.01339405,18,3,3,128.7,97,506,49,0,0,0
"11Sch",11,"Schotten",0,0,0,0,0,509112.175722875,5592033.78181934,8,1,0,1628.4,668,4880,254,0,0,0
"12Sch",12,"Schotten",0,0,0,0,0,509102.504981842,5592035.56585057,3,1,0,169.3,200,209,99,0,0,0
"13Sch",13,"Schotten",0,0,0,0,0,509100.738790921,5592025.79742529,8,4,1,96,63,294,43,0,0,0
"14Sch",14,"Schotten",0,0,0,0,0,509098.9726,5592016.029,3,1,0,1102.7,468,2520,320,0,0,0
"15Sch",15,"Schotten",0,0,0,0,0,509097.206409079,5592006.26057471,1,1,0,545,545,545,545,0,0,0
"16Sch",16,"Schotten",0,0,0,0,0,509095.440218158,5591996.49214943,14,4,0,584.6,221,3270,59,0,0,0
"50Sch",50,"Schotten",1,0,0,0,0,509046.1601085,5591945.01772265,0,0,0,NA,NA,-Inf,Inf,0,0,0
"51Sch",51,"Schotten",1,0,0,0,0,509036.489367467,5591946.80175388,0,0,0,NA,NA,-Inf,Inf,0,0,0
"59Sch",59,"Schotten",0,1,0,0,0,509039.181962883,5592016.96476212,0,0,0,NA,NA,-Inf,Inf,0,0,0
"66Sch",66,"Schotten",1,0,0,0,0,509026.818626435,5591948.58578512,0,0,0,NA,NA,-Inf,Inf,0,0,0
"67Sch",67,"Schotten",1,0,0,0,0,509017.147885402,5591950.36981635,0,0,0,NA,NA,-Inf,Inf,0,0,0
"1Mol",1,"Mollenfelde",0,0,0,0,0,4.69121008619493,85.1459531507008,4,1,0,312,180.5,747,140,0,0,0
"2Mol",2,"Mollenfelde",0,0,0,1,0,8.18699236267761,75.764039791476,0,0,0,NA,NA,-Inf,Inf,0,0,0
"3Mol",3,"Mollenfelde",0,0,0,1,0,11.6827746391603,66.3821264322512,0,0,0,NA,NA,-Inf,Inf,0,0,0
"4Mol",4,"Mollenfelde",0,0,0,1,0,15.178556915643,57.0002130730263,0,0,0,NA,NA,-Inf,Inf,0,0,0
"5Mol",5,"Mollenfelde",1,0,0,0,0,18.6743391921256,47.6182997138015,0,0,0,NA,NA,-Inf,Inf,0,0,0
"6Mol",6,"Mollenfelde",1,0,0,0,0,31.6458539614254,41.6975569253516,0,0,0,NA,NA,-Inf,Inf,0,0,0
"7Mol",7,"Mollenfelde",0,0,0,0,0,28.1500716849427,51.0794702845764,5,2,4,152.6,141,194,133,0,0,0
"8Mol",8,"Mollenfelde",0,0,0,0,0,24.6542894084601,60.4613836438012,9,4,6,77.9,62,176,36,0,0,0
"9Mol",9,"Mollenfelde",0,0,0,0,0,21.1585071319774,69.8432970030261,2,1,0,1237.5,1237.5,1690,785,0,0,0
"10Mol",10,"Mollenfelde",0,0,0,0,0,17.6627248554947,79.2252103622509,22,3,3,837.9,325,8630,68,0,0,0
"11Mol",11,"Mollenfelde",1,0,0,0,0,14.166942579012,88.6071237214758,0,0,0,NA,NA,-Inf,Inf,0,0,0
"12Mol",12,"Mollenfelde",1,0,0,0,0,23.6426750718291,92.0682942922507,0,0,0,NA,NA,-Inf,Inf,0,0,0
"13Mol",13,"Mollenfelde",0,0,1,0,0,27.1384573483118,82.6863809330259,2,2,1,254,254,384,124,0,0,0
"14Mol",14,"Mollenfelde",0,0,1,1,0,30.6342396247945,73.304467573801,0,0,0,NA,NA,-Inf,Inf,0,0,0
"15Mol",15,"Mollenfelde",0,0,1,0,0,34.1300219012771,63.9225542145762,3,2,2,89.7,75,123,71,0,0,0
"16Mol",16,"Mollenfelde",0,0,1,0,0,37.6258041777598,54.5406408553513,3,2,2,239.7,97,563,59,0,0,0
"17Mol",17,"Mollenfelde",0,0,1,1,0,41.1215864542425,45.1587274961265,0,0,0,NA,NA,-Inf,Inf,0,0,0
"18Mol",18,"Mollenfelde",1,0,0,0,0,44.6173687307252,35.7768141369017,0,0,0,NA,NA,-Inf,Inf,0,0,0
"19Mol",19,"Mollenfelde",0,0,0,0,1,54.0931012235423,39.2379847076766,21,3,8,64.6,60,116,41,0,0,0
"20Mol",20,"Mollenfelde",0,0,0,1,0,50.5973189470596,48.6198980669014,0,0,0,NA,NA,-Inf,Inf,0,0,0
"21Mol",21,"Mollenfelde",0,0,0,1,0,47.1015366705769,58.0018114261263,0,0,0,NA,NA,-Inf,Inf,0,0,0
"22Mol",22,"Mollenfelde",0,0,0,0,0,43.6057543940942,67.3837247853511,7,2,6,139.7,91,247,47,1,2,2
"23Mol",23,"Mollenfelde",0,0,0,0,0,40.1099721176116,76.765638144576,11,3,6,168.9,186,260,55,1,0,1
"24Mol",24,"Mollenfelde",0,0,0,0,0,36.6141898411289,86.1475515038008,9,4,4,110,73,273,59,0,0,0
"27Mol",27,"Mollenfelde",0,0,0,0,0,46.089922333946,89.6087220745757,4,2,2,179.5,175.5,281,86,0,0,0
"28Mol",28,"Mollenfelde",0,0,0,0,0,49.5857046104286,80.2268087153509,16,2,14,309.3,297.5,475,135,4,2,5
"29Mol",29,"Mollenfelde",0,0,0,1,0,53.0814868869113,70.844895356126,0,0,0,NA,NA,-Inf,Inf,0,0,0
"30Mol",30,"Mollenfelde",0,0,0,0,0,56.577269163394,61.4629819969012,4,2,1,1267.2,661.5,3290,456,0,0,0
"31Mol",31,"Mollenfelde",0,0,0,0,0,60.0730514398767,52.0810686376764,2,2,1,99.5,99.5,101,98,0,0,0
"32Mol",32,"Mollenfelde",0,0,0,1,0,63.5688337163594,42.6991552784515,0,0,0,NA,NA,-Inf,Inf,0,0,0
"33Mol",33,"Mollenfelde",1,0,0,0,0,67.0646159928421,33.3172419192267,0,0,0,NA,NA,-Inf,Inf,0,0,0
"36Mol",36,"Mollenfelde",0,0,0,0,0,69.5487839326938,55.5422392084513,22,5,10,72.2,62.5,174,35,0,0,0
"37Mol",37,"Mollenfelde",0,0,0,0,0,66.0530016562111,64.9241525676761,1,1,1,621,621,621,621,0,0,0
"38Mol",38,"Mollenfelde",0,0,0,0,0,62.5572193797284,74.306065926901,3,2,2,234.7,234,243,227,0,1,1
"39Mol",39,"Mollenfelde",0,0,0,1,0,59.0614371032457,83.6879792861258,0,0,0,NA,NA,-Inf,Inf,0,0,0
"40Mol",40,"Mollenfelde",0,0,0,0,0,55.5656548267631,93.0698926453506,3,1,0,207.7,193,265,165,0,0,0
"41Mol",41,"Mollenfelde",1,0,0,0,0,52.0698725502804,102.451806004576,0,0,0,NA,NA,-Inf,Inf,0,0,0
"42Mol",42,"Mollenfelde",1,0,0,0,0,61.5456050430975,105.91297657535,0,0,0,NA,NA,-Inf,Inf,0,0,0
"43Mol",43,"Mollenfelde",0,0,0,0,0,65.0413873195802,96.5310632161256,6,2,0,176.2,154.5,346,68,0,0,0
"44Mol",44,"Mollenfelde",0,0,0,0,0,68.5371695960628,87.1491498569007,2,2,1,444,444,571,317,0,0,0
"45Mol",45,"Mollenfelde",0,0,0,1,0,72.0329518725455,77.7672364976759,0,0,0,NA,NA,-Inf,Inf,0,0,0
"35Mol",35,"Mollenfelde",0,0,0,0,0,73.0445662091765,46.1603258492264,6,2,5,75.8,77,94,56,0,0,0
"34Mol",34,"Mollenfelde",1,0,0,0,0,76.5403484856592,36.7784124900016,0,0,0,NA,NA,-Inf,Inf,0,0,0
"49Mol",49,"Mollenfelde",0,0,0,0,0,86.0160809784762,40.2395830607765,3,1,3,76,78,94,56,0,0,0
"48Mol",48,"Mollenfelde",0,0,0,0,0,82.5202987019936,49.6214964200014,2,1,2,136.5,136.5,217,56,0,0,0
"47Mol",47,"Mollenfelde",0,0,0,0,0,79.0245164255109,59.0034097792262,17,3,8,131.4,106,365,47,0,1,1
"46Mol",46,"Mollenfelde",0,0,0,0,0,75.5287341490282,68.3853231384511,1,1,1,4060,4060,4060,4060,1,1,1
"50Mol",50,"Mollenfelde",1,0,0,0,0,98.987595747776,34.3188402723266,0,0,0,NA,NA,-Inf,Inf,0,0,0
"51Mol",51,"Mollenfelde",0,0,0,0,0,95.4918134712933,43.7007536315515,5,2,3,129,75,343,58,0,0,0
"52Mol",52,"Mollenfelde",0,0,0,0,0,91.9960311948107,53.0826669907763,3,2,2,93.3,78,133,69,0,0,0
"53Mol",53,"Mollenfelde",0,0,0,0,0,88.500248918328,62.4645803500011,6,1,0,170.2,117.5,471,85,0,0,0
"54Mol",54,"Mollenfelde",0,0,0,0,0,85.0044666418453,71.846493709226,3,2,1,75,72,105,48,0,0,0
"55Mol",55,"Mollenfelde",0,0,0,1,0,81.5086843653626,81.2284070684508,0,0,0,NA,NA,-Inf,Inf,0,0,0
"56Mol",56,"Mollenfelde",0,0,0,1,0,78.0129020888799,90.6103204276757,0,0,0,NA,NA,-Inf,Inf,0,0,0
"57Mol",57,"Mollenfelde",0,0,0,0,0,74.5171198123973,99.9922337869005,23,3,0,172,145,430,59,0,0,0
"58Mol",58,"Mollenfelde",1,0,0,0,0,71.0213375359146,109.374147146125,0,0,0,NA,NA,-Inf,Inf,0,0,0
"59Mol",59,"Mollenfelde",1,0,0,0,0,80.4970700287317,112.8353177169,0,0,0,NA,NA,-Inf,Inf,0,0,0
"60Mol",60,"Mollenfelde",0,0,0,0,0,83.9928523052143,103.453404357675,9,4,1,373,225,863,99,0,0,0
"91Mol",91,"Mollenfelde",0,0,0,0,0,112.420049783666,113.83691607,24,3,1,152.8,141.5,361,77,0,0,0
"90Mol",90,"Mollenfelde",0,0,0,0,0,115.915832060148,104.455002710775,9,3,3,1250.1,522,3590,119,1,1,1
"94Mol",94,"Mollenfelde",1,0,0,0,0,121.895782276483,117.298086640775,0,0,0,NA,NA,-Inf,Inf,0,0,0
"93Mol",93,"Mollenfelde",1,0,0,0,0,118.4,126.68,0,0,0,NA,NA,-Inf,Inf,0,0,0
"92Mol",92,"Mollenfelde",1,0,0,0,0,108.924267507183,123.218829429225,0,0,0,NA,NA,-Inf,Inf,0,0,0
"89Mol",89,"Mollenfelde",0,0,0,0,0,119.411614336631,95.0730893515505,4,2,0,1476,758,4280,108,0,0,0
"88Mol",88,"Mollenfelde",1,0,0,0,0,122.907396613114,85.6911759923257,0,0,0,NA,NA,-Inf,Inf,0,0,0
"87Mol",87,"Mollenfelde",1,0,0,0,0,126.403178889596,76.3092626331009,0,0,0,NA,NA,-Inf,Inf,0,0,0
"86Mol",86,"Mollenfelde",1,0,0,0,0,129.898961166079,66.927349273876,0,0,0,NA,NA,-Inf,Inf,0,0,0
"85Mol",85,"Mollenfelde",1,0,0,0,0,127.414793226227,44.7023519846514,0,0,0,NA,NA,-Inf,Inf,0,0,0
"84Mol",84,"Mollenfelde",0,0,0,0,0,123.919010949745,54.0842653438763,22,4,12,172.1,87,920,39,1,0,1
"83Mol",83,"Mollenfelde",0,0,0,0,0,120.423228673262,63.4661787031011,12,2,7,211.7,181,409,98,2,0,2
"82Mol",82,"Mollenfelde",0,0,0,0,0,116.927446396779,72.8480920623259,11,3,4,536.6,569,1498,94,0,1,1
"81Mol",81,"Mollenfelde",0,0,0,0,0,113.431664120297,82.2300054215508,7,4,3,213.1,90,663,62,1,0,1
"80Mol",80,"Mollenfelde",0,0,0,0,0,109.935881843814,91.6119187807756,19,2,3,396.7,115,4485,57,0,1,1
"79Mol",79,"Mollenfelde",0,0,1,0,0,106.440099567331,100.99383214,16,3,0,123.1,108.5,325,80,0,0,0
"78Mol",78,"Mollenfelde",0,0,0,0,0,102.944317290849,110.375745499225,44,5,2,233.8,178.5,866,86,1,0,1
"61Mol",61,"Mollenfelde",0,0,0,0,0,87.488634581697,94.0714909984506,5,3,2,2040.6,1215,6110,636,1,2,2
"65Mol",65,"Mollenfelde",0,0,0,0,0,101.471763687628,56.5438375615512,15,5,4,172.9,163,355,51,0,0,0
"70Mol",70,"Mollenfelde",0,0,0,0,0,110.947496180445,60.0050081323262,19,4,8,86.5,78,158,49,0,0,0
"72Mol",72,"Mollenfelde",0,0,1,0,0,103.955931627479,78.7688348507759,44,4,3,83.2,77.5,194,33,0,0,0
"74Mol",74,"Mollenfelde",0,0,0,0,0,96.9643670745141,97.5326615692255,24,4,4,168.5,164.5,305,74,0,0,0
"76Mol",76,"Mollenfelde",1,0,0,0,0,89.9728025215487,116.296488287675,0,0,0,NA,NA,-Inf,Inf,0,0,0
"77Mol",77,"Mollenfelde",1,0,0,0,0,99.4485350143658,119.75765885845,0,0,0,NA,NA,-Inf,Inf,0,0,0
"62Mol",62,"Mollenfelde",0,0,0,1,0,90.9844168581797,84.6895776392258,0,0,0,NA,NA,-Inf,Inf,0,0,0
"63Mol",63,"Mollenfelde",0,0,0,0,0,94.4801991346624,75.3076642800009,13,1,0,153.5,138,371,77,0,0,0
"64Mol",64,"Mollenfelde",0,0,0,0,0,97.9759814111451,65.9257509207761,5,1,0,421.2,156,1336,85,0,0,0
"66Mol",66,"Mollenfelde",0,0,1,0,0,104.96754596411,47.1619242023264,1,1,0,824,824,824,824,0,0,0
"69Mol",69,"Mollenfelde",0,0,0,0,0,114.443278456928,50.6230947731013,31,4,15,66,61,190,32,0,0,0
"71Mol",71,"Mollenfelde",0,0,0,0,0,107.451713903962,69.386921491551,7,3,3,586.3,347,1610,212,1,0,1
"73Mol",73,"Mollenfelde",0,0,0,0,0,100.460149350997,88.1507482100007,10,3,0,564.7,526.5,1100,96,0,0,0
"75Mol",75,"Mollenfelde",0,0,0,0,0,93.4685847980314,106.91457492845,104,1,0,201,170,678,60,0,0,0
"68Mol",68,"Mollenfelde",1,0,0,0,0,117.93906073341,41.2411814138765,0,0,0,NA,NA,-Inf,Inf,0,0,0
"67Mol",67,"Mollenfelde",1,0,0,0,0,108.463328240593,37.7800108431016,0,0,0,NA,NA,-Inf,Inf,0,0,0
"26Mol",26,"Mollenfelde",1,0,0,0,0,42.5941400574633,98.9906354338006,0,0,0,NA,NA,-Inf,Inf,0,0,0
"25Mol",25,"Mollenfelde",1,0,0,0,0,33.1184075646462,95.5294648630256,0,0,0,NA,NA,-Inf,Inf,0,0,0
"1Huy",1,"Huy",0,0,1,1,0,119.653237508069,88.6545424788603,0,0,0,NA,NA,-Inf,Inf,0,0,0
"2Huy",2,"Huy",0,0,0,0,0,110.604966983408,84.6096392089921,20,2,19,94.8,94.5,170,32,0,0,0
"3Huy",3,"Huy",0,0,0,0,0,101.556696458748,80.5647359391239,4,1,4,79,76.5,101,62,0,0,0
"4Huy",4,"Huy",0,0,0,0,0,92.508425934088,76.5198326692557,61,3,45,90.7,80,211,28,0,0,0
"5Huy",5,"Huy",0,0,0,0,0,83.4601554094278,72.4749293993875,23,3,15,105.7,100,163,43,0,0,0
"6Huy",6,"Huy",0,0,0,0,0,74.4118848847676,68.4300261295193,37,2,22,106.7,83,244,41,0,0,0
"7Huy",7,"Huy",0,0,0,0,0,65.3636143601074,64.3851228596511,58,2,55,99.1,91,264,40,0,1,1
"10Huy",10,"Huy",0,0,0,0,0,61.1058214444566,72.9809798580783,79,4,72,111.5,105,201,42,0,0,0
"11Huy",11,"Huy",0,0,0,0,0,70.1540919691168,77.0258831279465,43,3,30,140.2,92,880,35,1,0,1
"12Huy",12,"Huy",0,0,0,0,0,79.202362493777,81.0707863978147,73,2,65,107.3,83,298,35,2,0,2
"13Huy",13,"Huy",0,0,0,0,0,88.2506330184372,85.1156896676829,127,3,68,111.1,94,815,45,0,0,0
"15Huy",15,"Huy",0,0,1,0,0,106.347174067758,93.2054962074193,87,3,76,190.2,153,735,42,4,3,4
"20Huy",20,"Huy",0,0,0,0,0,102.089381152107,101.801353205846,20,2,18,74.8,74,100,59,0,0,0
"22Huy",22,"Huy",0,0,0,0,0,83.9928401027865,93.7115466661101,57,3,41,482.8,240,2704,88,1,1,2
"25Huy",25,"Huy",0,0,0,0,0,56.8480285288059,81.5768368565055,76,3,65,101,85,672,35,0,0,0
"29Huy",29,"Huy",0,0,0,0,0,52.5902356131552,90.1726938549327,37,3,32,203.4,119,2427,34,0,2,2
"43Huy",43,"Huy",0,0,0,0,0,57.3807132221647,102.813454123228,35,3,20,149.1,98,765,49,0,0,0
"39Huy",39,"Huy",0,0,0,0,0,93.5737953208054,118.993067202701,30,2,28,83.2,71.5,193,30,0,1,1
"41Huy",41,"Huy",0,0,0,0,0,75.4772542714851,110.903260662964,67,4,63,172.7,175,327,33,3,16,18
"53Huy",53,"Huy",0,0,0,0,0,80.2677318804945,123.54402093126,19,2,16,166.4,139,480,35,0,1,1
"51Huy",51,"Huy",0,0,0,0,0,62.1711908311741,115.454214391523,38,2,37,72.5,69,213,37,1,0,1
"50Huy",50,"Huy",0,0,0,0,0,53.1229203065139,111.409311121655,4,2,3,172,144,350,50,0,1,1
"60Huy",60,"Huy",0,0,0,0,0,76.0099389648438,132.139877929687,12,3,9,196.1,106.5,605,65,0,1,1
"59Huy",59,"Huy",0,0,0,0,0,85.058209489504,136.184781199555,21,4,9,464.8,270,1801,66,1,1,2
"16Huy",16,"Huy",0,0,1,0,0,115.395444592418,97.2503994772875,70,3,57,98.6,89,247,27,3,1,4
"18Huy",18,"Huy",0,0,0,0,0,120.185922201427,109.891159745583,6,1,6,97.3,80,212,56,0,0,0
"35Huy",35,"Huy",0,0,1,0,0,106.879858761116,114.442113474142,2,1,2,65,65,89,41,0,0,0
"37Huy",37,"Huy",0,0,0,0,1,111.670336370126,127.082873742437,3,2,2,137.7,136,154,123,0,0,0
"55Huy",55,"Huy",0,0,0,0,1,98.3642729298149,131.633827470996,65,4,62,144.5,129,434,50,4,3,7
"58Huy",58,"Huy",0,0,0,0,0,94.1064800141642,140.229684469423,133,4,116,129,112,565,33,3,1,4
"68Huy",68,"Huy",0,0,0,0,0,89.8486870985135,148.825541467851,100,4,87,121.8,100,665,43,2,1,3
"66Huy",66,"Huy",0,0,0,0,0,71.7521460491931,140.735734928114,7,2,5,359.4,115,1125,26,0,1,1
"65Huy",65,"Huy",0,0,1,0,0,62.7038755245329,136.690831658246,6,2,5,585.7,339.5,2094,54,0,2,2
"73Huy",73,"Huy",0,0,0,0,0,85.5908941828627,157.421398466278,53,5,46,96.9,70,560,3,3,0,3
"72Huy",72,"Huy",0,0,0,0,0,94.6391647075229,161.466301736146,9,3,1,667.2,382,1550,65,0,0,0
"69Huy",69,"Huy",0,0,0,0,0,98.8969576231736,152.870444737719,21,5,13,226.6,139,1425,21,0,1,1
"67Huy",67,"Huy",0,0,0,0,0,80.8004165738533,144.780638197982,42,4,31,242.5,234,593,49,2,5,7
"74Huy",74,"Huy",1,0,0,0,0,76.5426236582025,153.37649519641,0,0,0,NA,NA,-Inf,Inf,0,0,0
"71Huy",71,"Huy",1,0,0,0,0,103.687435232183,165.511205006014,0,0,0,NA,NA,-Inf,Inf,0,0,0
"70Huy",70,"Huy",1,0,0,0,0,107.945228147834,156.915348007587,0,0,0,NA,NA,-Inf,Inf,0,0,0
"17Huy",17,"Huy",1,0,0,0,0,124.443715117078,101.295302747156,0,0,0,NA,NA,-Inf,Inf,0,0,0
"61Huy",61,"Huy",0,1,0,0,0,66.9616684401836,128.094974659819,0,0,0,NA,NA,-Inf,Inf,0,0,0
"49Huy",49,"Huy",0,1,0,0,0,44.0746497818537,107.364407851787,0,0,0,NA,NA,-Inf,Inf,0,0,0
"62Huy",62,"Huy",0,0,0,0,0,57.9133979155234,124.050071389951,17,2,14,347.7,143,1130,50,0,2,2
"63Huy",63,"Huy",0,0,0,0,0,48.8651273908632,120.005168120082,25,3,21,158.3,112,599,40,0,1,1
"64Huy",64,"Huy",0,0,0,0,0,39.816856866203,115.960264850214,15,3,6,418.5,421,860,59,0,4,4
"48Huy",48,"Huy",0,0,0,0,0,35.0263792571935,103.319504581919,53,3,31,253.4,220,1034,80,1,3,4
"45Huy",45,"Huy",0,0,0,0,0,39.2841721728443,94.7236475834917,1,1,1,165,165,165,165,0,0,0
"46Huy",46,"Huy",0,0,0,0,0,30.2359016481841,90.6787443136235,2,1,2,40,40,50,30,0,0,0
"47Huy",47,"Huy",0,0,0,0,0,25.9781087325334,99.2746013120507,5,1,5,108.2,75,259,50,1,0,1
"27Huy",27,"Huy",0,0,0,0,0,34.4936945638348,82.0828873151963,3,2,2,32.7,41,44,13,0,0,0
"28Huy",28,"Huy",0,0,0,0,0,43.541965088495,86.1277905850645,2,1,2,69.5,69.5,79,60,0,0,0
"26Huy",26,"Huy",0,0,0,0,0,47.7997580041457,77.5319335866373,5,2,4,46.6,50,70,20,0,0,0
"9Huy",9,"Huy",0,0,0,0,0,52.0575509197964,68.9360765882101,7,1,7,63.7,69,84,30,0,0,0
"8Huy",8,"Huy",0,0,0,0,0,56.3153438354472,60.3402195897829,64,4,60,130,104.5,570,28,2,5,7
"54Huy",54,"Huy",0,0,0,0,0,89.3160024051547,127.588924201128,3,1,0,2031.7,2155,2790,1150,0,0,0
"40Huy",40,"Huy",0,0,0,0,0,84.5255247961452,114.948163932833,54,3,44,90.5,75,465,38,2,0,2
"52Huy",52,"Huy",0,0,0,0,0,71.2194613558343,119.499117661392,9,2,5,562.1,127,3383,47,0,0,0
"42Huy",42,"Huy",0,0,0,0,0,66.4289837468249,106.858357393096,56,3,50,192.5,60.5,7160,10,0,1,1
"44Huy",44,"Huy",0,0,0,0,0,48.3324426975045,98.7685508533599,19,2,17,299.9,94,2293,62,0,2,2
"34Huy",34,"Huy",0,0,0,0,0,97.8315882364562,110.397210204274,7,2,6,65.9,57,113,47,0,0,0
"32Huy",32,"Huy",0,0,0,0,0,79.7350471871358,102.307403664537,46,3,41,132.2,105,334,46,3,2,4
"30Huy",30,"Huy",0,0,0,0,0,61.6385061378154,94.2175971248009,55,3,47,167.2,83,1295,37,2,3,5
"38Huy",38,"Huy",0,0,1,0,0,102.622065845466,123.037970472569,41,4,31,94.6,88,199,13,0,1,1
"56Huy",56,"Huy",0,0,0,0,0,107.412543454475,135.678730740864,3,1,3,64,54,104,34,0,0,0
"57Huy",57,"Huy",0,0,0,0,0,103.154750538824,144.274587739292,40,4,34,92.2,81,235,36,1,2,3
"36Huy",36,"Huy",0,0,0,0,0,115.928129285777,118.48701674401,18,1,18,98.2,100,144,39,2,0,2
"19Huy",19,"Huy",0,0,1,0,0,111.137651676767,105.846256475715,29,3,22,109.9,108,242,35,2,1,3
"14Huy",14,"Huy",0,0,0,0,0,97.2989035430974,89.1605929375511,110,3,84,89.3,83,168,14,0,0,0
"21Huy",21,"Huy",0,0,0,0,0,93.0411106274467,97.7564499359783,78,6,64,177.6,103.5,1870,42,3,1,4
"23Huy",23,"Huy",0,0,0,0,0,74.9445695781263,89.6666433962419,8,2,1,353,205.5,1245,83,0,0,0
"24Huy",24,"Huy",0,0,0,0,0,65.8962990534661,85.6217401263737,90,4,41,126.2,115.5,420,53,0,3,3
"31Huy",31,"Huy",0,0,0,0,0,70.6867766624756,98.2625003946691,19,3,13,93.4,95,177,33,0,0,0
"33Huy",33,"Huy",0,0,0,0,0,88.783317711796,106.352306934405,62,4,42,88.5,68,290,25,0,0,0
"3Wei",3,"Weisweil",0,0,0,0,1,402126.888144228,5342622.34956503,18,3,0,530.6,479.5,1437,97,0,0,0
"8Wei",8,"Weisweil",0,0,0,0,0,402124.890689369,5342631.99490972,61,3,0,62.4,60,102,27,0,0,0
"14Wei",14,"Weisweil",0,0,0,0,0,402122.89323451,5342641.6402544,119,3,2,112.3,98,281,40,0,0,0
"19Wei",19,"Weisweil",0,0,0,0,1,402120.895779651,5342651.28559909,16,4,3,453.3,176.5,2350,82,0,0,0
"27Wei",27,"Weisweil",0,0,0,0,0,402118.898324791,5342660.93094377,91,1,0,128.4,114,412,55,0,0,0
"32Wei",32,"Weisweil",0,0,0,0,0,402116.900869932,5342670.57628846,38,3,0,160.9,114.5,463,71,0,0,0
"41Wei",41,"Weisweil",0,0,0,0,0,402114.903415073,5342680.22163314,31,3,0,156,113,481,44,0,0,0
"48Wei",48,"Weisweil",0,0,0,0,0,402112.905960214,5342689.86697783,2,2,0,71.5,71.5,89,54,0,0,0
"57Wei",57,"Weisweil",0,0,0,0,0,402110.908505354,5342699.51232251,6,2,0,1405.2,1031.5,3557,80,0,0,0
"61Wei",61,"Weisweil",0,0,0,0,0,402108.911050495,5342709.1576672,5,2,1,104.4,102,150,56,0,0,0
"1Wei",1,"Weisweil",0,0,0,0,0,402138.530943772,5342614.70167521,4,2,1,2196.2,1361,5936,127,0,0,0
"4Wei",4,"Weisweil",0,0,0,0,0,402136.533488913,5342624.34701989,112,2,10,90,88.5,148,46,0,0,0
"5Wei",5,"Weisweil",1,0,0,0,0,402146.178833598,5342626.34447475,0,0,0,NA,NA,-Inf,Inf,0,0,0
"6Wei",6,"Weisweil",0,0,0,0,1,402144.181378738,5342635.98981944,80,3,0,142.1,134,439,55,0,0,0
"7Wei",7,"Weisweil",0,0,0,0,0,402134.536034054,5342633.99236458,12,3,1,211.2,128,726,83,0,0,0
"15Wei",15,"Weisweil",0,0,0,0,0,402132.538579195,5342643.63770926,96,3,0,82,65,875,26,0,0,0
"18Wei",18,"Weisweil",0,0,0,0,0,402130.541124335,5342653.28305395,91,5,1,91.3,83,434,40,0,0,0
"28Wei",28,"Weisweil",0,0,0,0,0,402128.543669476,5342662.92839863,21,2,0,350.8,164,1315,75,0,0,0
"31Wei",31,"Weisweil",0,0,0,0,0,402126.546214617,5342672.57374332,34,2,0,203,157,784,84,0,0,0
"42Wei",42,"Weisweil",0,0,0,0,0,402124.548759758,5342682.219088,16,2,0,528.4,469,990,204,0,0,0
"47Wei",47,"Weisweil",0,0,0,0,0,402122.551304898,5342691.86443269,11,2,0,214.5,134,1014,97,0,0,0
"58Wei",58,"Weisweil",0,0,0,0,0,402120.553850039,5342701.50977737,17,1,0,344,343,771,134,0,0,0
"13Wei",13,"Weisweil",0,0,0,0,0,402113.247889825,5342639.64279954,104,3,0,163.9,120,1772,54,0,0,0
"20Wei",20,"Weisweil",0,0,0,0,0,402111.250434966,5342649.28814423,186,3,3,130.5,122,279,58,0,0,0
"22Wei",22,"Weisweil",0,0,0,0,0,402091.959745597,5342645.29323451,70,2,1,108.4,105.5,197,60,1,0,1
"23Wei",23,"Weisweil",0,0,0,0,0,402080.316946053,5342652.94112433,29,4,0,781.3,398,2758,76,0,0,0
"36Wei",36,"Weisweil",0,0,0,0,0,402078.319491194,5342662.58646902,30,2,0,93.8,81.5,251,36,0,0,0
"35Wei",35,"Weisweil",0,0,0,0,0,402087.964835878,5342664.58392388,11,2,1,99.4,105,130,48,0,0,0
"34Wei",34,"Weisweil",0,0,0,0,0,402097.610180563,5342666.58137874,67,3,3,331.3,180,6105,77,1,0,1
"49Wei",49,"Weisweil",0,0,0,0,0,402103.260615529,5342687.86952297,5,1,0,878.4,578,1717,308,0,0,0
"56Wei",56,"Weisweil",0,0,0,0,0,402101.26316067,5342697.51486765,6,1,0,119.3,121.5,145,95,0,0,0
"55Wei",55,"Weisweil",0,0,0,0,0,402091.617815985,5342695.51741279,3,2,0,179.7,198,252,89,0,0,0
"54Wei",54,"Weisweil",0,0,0,0,0,402081.972471301,5342693.51995793,7,2,1,144.7,95,451,75,1,1,1
"64Wei",64,"Weisweil",0,0,0,0,0,402079.975016441,5342703.16530262,21,2,0,146.8,109,775,45,0,0,0
"65Wei",65,"Weisweil",0,0,0,0,0,402077.977561582,5342712.8106473,17,2,0,251.5,133,1005,69,0,0,0
"70Wei",70,"Weisweil",0,0,0,0,0,402075.980106723,5342722.45599199,17,1,0,176.2,161,282,99,0,0,0
"71Wei",71,"Weisweil",0,0,0,0,0,402073.982651863,5342732.10133667,2,1,0,80,80,89,71,0,0,0
"72Wei",72,"Weisweil",0,0,0,0,0,402083.627996548,5342734.09879153,3,2,0,308.7,130,736,60,0,0,0
"2Wei",2,"Weisweil",0,0,1,0,0,402117.242799544,5342620.35211017,96,7,1,116.8,86,618,20,0,0,0
"9Wei",9,"Weisweil",0,0,0,0,0,402115.245344685,5342629.99745486,55,3,0,214.7,98,2110,52,0,0,0
"10Wei",10,"Weisweil",0,0,0,0,0,402105.6,5342628,102,6,1,123.5,90,990,38,0,0,0
"11Wei",11,"Weisweil",0,0,0,0,0,402093.957200456,5342635.64788983,94,5,4,197.9,99,3496,25,0,0,0
"12Wei",12,"Weisweil",0,0,0,0,0,402103.602545141,5342637.64534468,91,3,0,222.5,124,2452,44,0,0,0
"30Wei",30,"Weisweil",0,0,0,0,0,402136.191559301,5342674.57119818,65,1,0,71.2,64,268,29,0,0,0
"43Wei",43,"Weisweil",0,0,0,0,1,402134.194104442,5342684.21654286,15,1,0,155.5,159,290,46,0,0,0
"46Wei",46,"Weisweil",0,0,0,0,1,402132.196649583,5342693.86188755,1,1,0,127,127,127,127,0,0,0
"59Wei",59,"Weisweil",0,0,0,0,0,402130.199194724,5342703.50723223,16,3,0,152,136,336,88,0,0,0
"26Wei",26,"Weisweil",0,0,0,0,0,402109.252980107,5342658.93348891,67,4,0,122.1,99,557,55,0,0,0
"45Wei",45,"Weisweil",0,0,0,0,0,402141.841994268,5342695.8593424,11,2,0,110.2,96,233,62,0,0,0
"21Wei",21,"Weisweil",0,0,0,0,0,402101.605090281,5342647.29068937,62,5,4,193.9,93,1355,54,0,0,0
"25Wei",25,"Weisweil",0,0,0,0,0,402099.607635422,5342656.93603405,124,4,16,155.8,133,1390,60,0,1,1
"24Wei",24,"Weisweil",0,0,0,0,0,402089.962290738,5342654.93857919,82,4,1,162.1,98,2570,46,0,0,0
"33Wei",33,"Weisweil",0,0,0,0,1,402107.255525248,5342668.5788336,4,1,0,388,384,470,314,0,0,0
"40Wei",40,"Weisweil",0,0,0,0,0,402105.258070388,5342678.22417828,23,2,0,113.3,110,281,10,0,0,0
"39Wei",39,"Weisweil",0,0,0,0,0,402095.612725704,5342676.22672342,27,1,0,128,128,218,79,0,0,0
"38Wei",38,"Weisweil",0,0,0,0,0,402085.967381019,5342674.22926856,8,2,0,113.2,102.5,185,90,0,0,0
"37Wei",37,"Weisweil",0,0,0,0,0,402076.322036334,5342672.2318137,16,1,0,62.9,66,82,36,0,0,0
"50Wei",50,"Weisweil",0,0,0,0,0,402093.615270844,5342685.87206811,42,1,0,194.9,140.5,785,70,0,0,0
"51Wei",51,"Weisweil",0,0,0,0,0,402083.96992616,5342683.87461325,1,1,0,119,119,119,119,0,0,0
"52Wei",52,"Weisweil",0,0,0,0,0,402074.324581475,5342681.87715839,47,1,0,303.9,123,4435,73,0,0,0
"63Wei",63,"Weisweil",0,0,0,0,0,402089.620361126,5342705.16275748,21,2,0,277.2,273,609,74,0,0,0
"62Wei",62,"Weisweil",0,0,0,0,0,402099.265705811,5342707.16021234,2,1,0,151,151,224,78,0,0,0
"67Wei",67,"Weisweil",0,0,0,0,1,402097.268250951,5342716.80555702,3,2,0,207.3,202,291,129,0,0,0
"66Wei",66,"Weisweil",0,0,0,0,1,402087.622906267,5342714.80810216,4,1,0,1659.8,1672.5,2460,834,0,0,0
"69Wei",69,"Weisweil",0,0,0,0,0,402085.625451407,5342724.45344685,11,1,0,500.3,465,980,106,0,0,0
"68Wei",68,"Weisweil",0,0,0,0,0,402095.270796092,5342726.45090171,10,2,4,258.4,179.5,680,102,0,1,1
"16Wei",16,"Weisweil",1,0,0,0,0,402142.183923879,5342645.63516412,0,0,0,NA,NA,-Inf,Inf,0,0,0
"17Wei",17,"Weisweil",1,0,0,0,0,402140.18646902,5342655.28050881,0,0,0,NA,NA,-Inf,Inf,0,0,0
"29Wei",29,"Weisweil",1,0,0,0,0,402138.189014161,5342664.92585349,0,0,0,NA,NA,-Inf,Inf,0,0,0
"44Wei",44,"Weisweil",1,0,0,0,0,402143.839449127,5342686.21399772,0,0,0,NA,NA,-Inf,Inf,0,0,0
"53Wei",53,"Weisweil",1,0,0,0,0,402072.327126616,5342691.52250307,0,0,0,NA,NA,-Inf,Inf,0,0,0
"60Wei",60,"Weisweil",1,0,0,0,0,402118.55639518,5342711.15512205,0,0,0,NA,NA,-Inf,Inf,0,0,0
"2Pla",2,"Plattenwald",0,0,0,0,0,490792.466436003,5429476.87312152,18,2,8,228.8,143.5,1057,74,0,0,0
"1Pla",1,"Plattenwald",0,0,0,0,0,490785.97195552,5429484.47718118,28,4,5,353.6,281.5,1186,60,1,0,1
"10Pla",10,"Plattenwald",0,0,0,0,0,490784.862376347,5429470.37864104,46,3,9,177,155,439,46,1,0,1
"13Pla",13,"Plattenwald",0,0,0,0,0,490777.258316691,5429463.88416056,33,4,4,140.7,80,635,44,1,0,1
"12Pla",12,"Plattenwald",0,0,0,0,0,490770.763836208,5429471.48822021,53,4,1,161.3,104,874,34,0,0,0
"30Pla",30,"Plattenwald",0,0,0,0,0,490763.159776551,5429464.99373973,3,2,0,1545,158,4365,112,0,0,0
"33Pla",33,"Plattenwald",0,0,0,0,0,490768.544677862,5429443.29113994,26,5,2,87.8,79,203,29,1,0,1
"4Pla",4,"Plattenwald",0,0,1,0,0,490805.455396969,5429461.66500221,65,5,16,237.5,214,1544,40,2,2,2
"8Pla",8,"Plattenwald",0,0,0,0,0,490797.851337313,5429455.17052173,67,7,19,154.5,132,714,25,0,0,0
"15Pla",15,"Plattenwald",0,0,0,0,0,490790.247277657,5429448.67604125,21,4,0,330,299,1095,118,0,0,0
"27Pla",27,"Plattenwald",0,0,0,0,0,490782.643218001,5429442.18156076,36,4,1,279.5,158,1327,80,0,0,0
"34Pla",34,"Plattenwald",0,0,0,0,0,490775.039158345,5429435.68708028,4,3,1,124.2,127.5,185,57,0,0,0
"46Pla",46,"Plattenwald",0,0,0,0,0,490767.435098689,5429429.1925998,11,5,1,322.8,204,981,50,1,1,1
"53Pla",53,"Plattenwald",0,0,0,0,0,490759.831039033,5429422.69811931,23,4,2,205,128,1629,75,1,0,1
"66Pla",66,"Plattenwald",0,0,0,0,1,490752.226979377,5429416.20363883,4,3,1,283,270.5,523,68,0,0,0
"71Pla",71,"Plattenwald",0,0,1,0,0,490744.622919721,5429409.70915835,177,5,29,142.4,106,880,37,9,5,10
"72Pla",72,"Plattenwald",0,0,0,0,0,490751.117400205,5429402.10509869,21,3,0,96.2,94,168,39,0,0,0
"54Pla",54,"Plattenwald",0,0,0,0,1,490766.325519517,5429415.09405966,1,1,0,2383,2383,2383,2383,0,0,0
"35Pla",35,"Plattenwald",0,0,0,0,0,490781.533638829,5429428.08302062,28,6,1,232.3,158,1080,83,0,0,0
"3Pla",3,"Plattenwald",0,0,0,0,0,490798.960916486,5429469.26906187,68,5,16,124.8,94.5,523,50,2,0,2
"11Pla",11,"Plattenwald",0,0,0,0,0,490778.367895863,5429477.9827007,35,2,3,171,118,821,74,3,2,3
"9Pla",9,"Plattenwald",0,0,1,0,0,490791.35685683,5429462.77458138,1,1,0,146,146,146,146,0,0,0
"14Pla",14,"Plattenwald",0,0,0,0,0,490783.752797174,5429456.2801009,39,4,14,111.9,95,279,43,3,0,3
"28Pla",28,"Plattenwald",0,0,0,0,1,490776.148737518,5429449.78562042,18,4,6,147.6,99,743,58,0,0,0
"29Pla",29,"Plattenwald",0,0,0,0,0,490769.654257035,5429457.38968007,49,6,2,229.4,149,900,54,0,0,0
"31Pla",31,"Plattenwald",0,0,1,1,0,490755.555716895,5429458.49925925,0,0,0,NA,NA,-Inf,Inf,0,0,0
"32Pla",32,"Plattenwald",0,0,0,0,0,490762.050197379,5429450.89519959,34,5,5,250.7,130,837,62,0,0,0
"36Pla",36,"Plattenwald",0,0,0,0,0,490788.028119312,5429420.47896097,8,3,2,179,96.5,462,66,1,1,1
"37Pla",37,"Plattenwald",0,0,0,0,0,490794.522599795,5429412.87490131,24,4,1,237.2,140,1302,76,1,1,1
"38Pla",38,"Plattenwald",0,0,0,0,0,490801.017080279,5429405.27084165,3,2,0,363.3,380,450,260,0,0,0
"39Pla",39,"Plattenwald",0,0,0,0,0,490807.511560762,5429397.666782,5,3,1,166.8,152,304,51,0,0,0
"40Pla",40,"Plattenwald",0,0,1,0,0,490806.401981589,5429383.56824186,1,1,0,928,928,928,928,0,0,0
"59Pla",59,"Plattenwald",0,0,0,0,1,490798.797921933,5429377.07376138,2,1,0,1846.5,1846.5,2681,1012,0,0,0
"41Pla",41,"Plattenwald",0,0,0,0,1,490799.907501106,5429391.17230152,7,3,1,645.6,435,2134,218,1,1,1
"58Pla",58,"Plattenwald",0,0,0,0,1,490792.30344145,5429384.67782103,7,1,0,652.3,483,1654,321,0,0,0
"57Pla",57,"Plattenwald",0,0,0,0,1,490785.808960967,5429392.28188069,47,6,7,152,103,1484,48,0,0,0
"45Pla",45,"Plattenwald",0,0,0,0,0,490773.929579173,5429421.58854014,3,2,0,1757,87,5108,76,0,0,0
"44Pla",44,"Plattenwald",0,0,0,0,0,490780.424059656,5429413.98448048,5,4,1,171.6,198,276,65,1,0,1
"43Pla",43,"Plattenwald",0,0,0,0,1,490786.918540139,5429406.38042083,2,2,1,85,85,100,70,0,0,0
"42Pla",42,"Plattenwald",0,0,0,0,0,490793.413020623,5429398.77636117,4,3,1,658.5,727,987,193,1,1,1
"63Pla",63,"Plattenwald",0,0,0,0,0,490771.710420827,5429393.39145986,13,5,0,399,362,949,125,0,0,0
"56Pla",56,"Plattenwald",0,0,0,0,0,490779.314480483,5429399.88594034,49,6,14,277.3,103,6135,50,1,2,2
"62Pla",62,"Plattenwald",0,0,0,0,0,490778.204901311,5429385.7874002,58,5,9,170.2,92.5,3291,46,0,0,0
"55Pla",55,"Plattenwald",0,0,0,0,0,490772.82,5429407.49,2,2,0,1549.5,1549.5,2875,224,0,0,0
"64Pla",64,"Plattenwald",0,0,0,0,0,490765.215940344,5429400.99551952,16,3,0,905.2,136,3179,95,0,0,0
"65Pla",65,"Plattenwald",0,0,0,0,0,490758.721459861,5429408.59957917,50,4,3,191.4,110,1120,46,0,0,0
"73Pla",73,"Plattenwald",0,0,0,0,0,490757.611880688,5429394.50103903,18,4,4,215.6,148,875,59,0,0,0
"74Pla",74,"Plattenwald",0,0,0,0,0,490764.106361171,5429386.89697938,109,6,39,117,100,845,39,2,1,3
"75Pla",75,"Plattenwald",0,0,0,0,0,490770.600841655,5429379.29291972,18,5,5,499.8,184,1705,77,0,1,1
"76Pla",76,"Plattenwald",0,0,0,0,0,490777.095322138,5429371.68886007,4,2,0,500.8,495,899,114,0,0,0
"77Pla",77,"Plattenwald",0,0,0,0,1,490783.589802621,5429364.08480041,1,1,0,485,485,485,485,0,0,0
"61Pla",61,"Plattenwald",0,0,0,0,0,490784.699381794,5429378.18334055,3,2,0,541,549,775,299,0,0,0
"60Pla",60,"Plattenwald",0,0,0,0,0,490791.193862277,5429370.57928089,1,1,0,4500,4500,4500,4500,0,0,0
"67Pla",67,"Plattenwald",0,0,0,0,0,490745.732498894,5429423.80769849,75,6,2,148.1,119,518,41,0,0,0
"68Pla",68,"Plattenwald",0,0,0,0,0,490739.238018411,5429431.41175814,34,3,4,106.5,108,175,56,0,0,0
"69Pla",69,"Plattenwald",0,0,0,0,0,490732.743537928,5429439.0158178,86,3,12,198.1,152.5,595,51,1,0,1
"50Pla",50,"Plattenwald",0,0,0,0,1,490740.347597583,5429445.51029828,8,2,2,92.6,85.5,176,55,0,0,0
"51Pla",51,"Plattenwald",0,0,0,0,0,490746.842078067,5429437.90623862,82,3,4,181.5,125.5,450,55,0,0,0
"49Pla",49,"Plattenwald",0,0,0,0,0,490747.951657239,5429452.00477876,28,3,4,113.3,105,224,55,0,0,0
"48Pla",48,"Plattenwald",0,0,0,0,0,490754.446137723,5429444.40071911,18,3,4,308.2,111.5,1611,69,2,1,2
"52Pla",52,"Plattenwald",0,0,0,0,0,490753.33655855,5429430.30217897,46,4,5,357.9,176,1545,51,1,1,1
"47Pla",47,"Plattenwald",0,0,0,0,0,490760.940618206,5429436.79665945,47,3,0,367,230,3888,74,0,0,0
"7Pla",7,"Plattenwald",0,0,0,0,0,490804.345817797,5429447.56646207,34,6,11,255.1,107,2351,44,0,0,0
"16Pla",16,"Plattenwald",0,0,0,0,0,490796.741758141,5429441.07198159,20,3,0,262.7,261.5,868,80,0,0,0
"17Pla",17,"Plattenwald",0,0,0,0,0,490803.236238624,5429433.46792193,9,3,0,614.4,149,3525,121,0,0,0
"26Pla",26,"Plattenwald",0,0,0,0,0,490789.137698485,5429434.57750111,56,5,2,271.1,141.5,5599,55,0,0,0
"25Pla",25,"Plattenwald",0,0,0,0,0,490795.632178968,5429426.97344145,63,4,5,140.3,119,384,69,0,1,1
"24Pla",24,"Plattenwald",0,0,0,0,0,490802.126659451,5429419.36938179,23,5,8,616.5,422,3953,64,1,1,2
"23Pla",23,"Plattenwald",0,0,0,0,1,490808.621139935,5429411.76532214,2,2,1,181.5,181.5,313,50,0,0,0
"22Pla",22,"Plattenwald",0,0,0,0,0,490815.115620418,5429404.16126248,21,3,0,835.7,467,2528,160,0,0,0
"21Pla",21,"Plattenwald",0,0,0,0,0,490821.610100901,5429396.55720283,23,3,3,489,315,2897,141,1,3,3
"20Pla",20,"Plattenwald",0,0,0,0,1,490822.719680074,5429410.65574296,2,1,0,3981,3981,7201,761,0,0,0
"19Pla",19,"Plattenwald",0,0,0,0,0,490816.225199591,5429418.25980262,18,4,0,335.5,107,2970,65,0,0,0
"5Pla",5,"Plattenwald",0,0,0,0,0,490817.334778763,5429432.35834276,19,3,5,215.4,114,698,50,0,0,0
"18Pla",18,"Plattenwald",0,0,0,0,1,490809.730719107,5429425.86386228,1,1,1,71,71,71,71,0,0,0
"6Pla",6,"Plattenwald",0,0,0,0,0,490810.84029828,5429439.96240242,19,4,8,445.4,100,5481,53,0,0,0
"70Pla",70,"Plattenwald",1,0,0,0,0,490726.249057444,5429446.61987745,0,0,0,NA,NA,-Inf,Inf,0,0,0
"SUMME",424,"5",50,4,26,23,27,NA,NA,9893,30,2908,221.950455005056,120,8630,3,143,130,241
