"","x","y","ID_plot"
"1",119.653237508069,88.6545424788603,"1Huy"
"2",110.604966983408,84.6096392089921,"2Huy"
"3",101.556696458748,80.5647359391239,"3Huy"
"4",92.508425934088,76.5198326692557,"4Huy"
"5",83.4601554094278,72.4749293993875,"5Huy"
"6",74.4118848847676,68.4300261295193,"6Huy"
"7",65.3636143601074,64.3851228596511,"7Huy"
"8",56.3153438354472,60.3402195897829,"8Huy"
"9",52.0575509197964,68.9360765882101,"9Huy"
"10",61.1058214444566,72.9809798580783,"10Huy"
"11",70.1540919691168,77.0258831279465,"11Huy"
"12",79.202362493777,81.0707863978147,"12Huy"
"13",88.2506330184372,85.1156896676829,"13Huy"
"14",97.2989035430974,89.1605929375511,"14Huy"
"15",106.347174067758,93.2054962074193,"15Huy"
"16",115.395444592418,97.2503994772875,"16Huy"
"17",124.443715117078,101.295302747156,"17Huy"
"18",120.185922201427,109.891159745583,"18Huy"
"19",111.137651676767,105.846256475715,"19Huy"
"20",102.089381152107,101.801353205846,"20Huy"
"21",93.0411106274467,97.7564499359783,"21Huy"
"22",83.9928401027865,93.7115466661101,"22Huy"
"23",74.9445695781263,89.6666433962419,"23Huy"
"24",65.8962990534661,85.6217401263737,"24Huy"
"25",56.8480285288059,81.5768368565055,"25Huy"
"26",47.7997580041457,77.5319335866373,"26Huy"
"27",34.4936945638348,82.0828873151963,"27Huy"
"28",43.541965088495,86.1277905850645,"28Huy"
"29",52.5902356131552,90.1726938549327,"29Huy"
"30",61.6385061378154,94.2175971248009,"30Huy"
"31",70.6867766624756,98.2625003946691,"31Huy"
"32",79.7350471871358,102.307403664537,"32Huy"
"33",88.783317711796,106.352306934405,"33Huy"
"34",97.8315882364562,110.397210204274,"34Huy"
"35",106.879858761116,114.442113474142,"35Huy"
"36",115.928129285777,118.48701674401,"36Huy"
"37",111.670336370126,127.082873742437,"37Huy"
"38",102.622065845466,123.037970472569,"38Huy"
"39",93.5737953208054,118.993067202701,"39Huy"
"40",84.5255247961452,114.948163932833,"40Huy"
"41",75.4772542714851,110.903260662964,"41Huy"
"42",66.4289837468249,106.858357393096,"42Huy"
"43",57.3807132221647,102.813454123228,"43Huy"
"44",48.3324426975045,98.7685508533599,"44Huy"
"45",39.2841721728443,94.7236475834917,"45Huy"
"46",30.2359016481841,90.6787443136235,"46Huy"
"47",25.9781087325334,99.2746013120507,"47Huy"
"48",35.0263792571935,103.319504581919,"48Huy"
"49",44.0746497818537,107.364407851787,"49Huy"
"50",53.1229203065139,111.409311121655,"50Huy"
"51",62.1711908311741,115.454214391523,"51Huy"
"52",71.2194613558343,119.499117661392,"52Huy"
"53",80.2677318804945,123.54402093126,"53Huy"
"54",89.3160024051547,127.588924201128,"54Huy"
"55",98.3642729298149,131.633827470996,"55Huy"
"56",107.412543454475,135.678730740864,"56Huy"
"57",103.154750538824,144.274587739292,"57Huy"
"58",94.1064800141642,140.229684469423,"58Huy"
"59",85.058209489504,136.184781199555,"59Huy"
"60",76.0099389648438,132.139877929687,"60Huy"
"61",66.9616684401836,128.094974659819,"61Huy"
"62",57.9133979155234,124.050071389951,"62Huy"
"63",48.8651273908632,120.005168120082,"63Huy"
"64",39.816856866203,115.960264850214,"64Huy"
"65",62.7038755245329,136.690831658246,"65Huy"
"66",71.7521460491931,140.735734928114,"66Huy"
"67",80.8004165738533,144.780638197982,"67Huy"
"68",89.8486870985135,148.825541467851,"68Huy"
"69",98.8969576231736,152.870444737719,"69Huy"
"70",107.945228147834,156.915348007587,"70Huy"
"71",103.687435232183,165.511205006014,"71Huy"
"72",94.6391647075229,161.466301736146,"72Huy"
"73",85.5908941828627,157.421398466278,"73Huy"
"74",76.5426236582025,153.37649519641,"74Huy"
"110",4.69121008619493,85.1459531507008,"1Mol"
"210",8.18699236267761,75.764039791476,"2Mol"
"310",11.6827746391603,66.3821264322512,"3Mol"
"410",15.178556915643,57.0002130730263,"4Mol"
"510",18.6743391921256,47.6182997138015,"5Mol"
"610",31.6458539614254,41.6975569253516,"6Mol"
"710",28.1500716849427,51.0794702845764,"7Mol"
"810",24.6542894084601,60.4613836438012,"8Mol"
"910",21.1585071319774,69.8432970030261,"9Mol"
"108",17.6627248554947,79.2252103622509,"10Mol"
"111",14.166942579012,88.6071237214758,"11Mol"
"121",23.6426750718291,92.0682942922507,"12Mol"
"131",27.1384573483118,82.6863809330259,"13Mol"
"141",30.6342396247945,73.304467573801,"14Mol"
"151",34.1300219012771,63.9225542145762,"15Mol"
"161",37.6258041777598,54.5406408553513,"16Mol"
"171",41.1215864542425,45.1587274961265,"17Mol"
"181",44.6173687307252,35.7768141369017,"18Mol"
"191",54.0931012235423,39.2379847076766,"19Mol"
"201",50.5973189470596,48.6198980669014,"20Mol"
"211",47.1015366705769,58.0018114261263,"21Mol"
"221",43.6057543940942,67.3837247853511,"22Mol"
"231",40.1099721176116,76.765638144576,"23Mol"
"241",36.6141898411289,86.1475515038008,"24Mol"
"251",33.1184075646462,95.5294648630256,"25Mol"
"261",42.5941400574633,98.9906354338006,"26Mol"
"271",46.089922333946,89.6087220745757,"27Mol"
"281",49.5857046104286,80.2268087153509,"28Mol"
"291",53.0814868869113,70.844895356126,"29Mol"
"301",56.577269163394,61.4629819969012,"30Mol"
"311",60.0730514398767,52.0810686376764,"31Mol"
"321",63.5688337163594,42.6991552784515,"32Mol"
"331",67.0646159928421,33.3172419192267,"33Mol"
"341",76.5403484856592,36.7784124900016,"34Mol"
"351",73.0445662091765,46.1603258492264,"35Mol"
"361",69.5487839326938,55.5422392084513,"36Mol"
"371",66.0530016562111,64.9241525676761,"37Mol"
"381",62.5572193797284,74.306065926901,"38Mol"
"391",59.0614371032457,83.6879792861258,"39Mol"
"401",55.5656548267631,93.0698926453506,"40Mol"
"411",52.0698725502804,102.451806004576,"41Mol"
"421",61.5456050430975,105.91297657535,"42Mol"
"431",65.0413873195802,96.5310632161256,"43Mol"
"441",68.5371695960628,87.1491498569007,"44Mol"
"451",72.0329518725455,77.7672364976759,"45Mol"
"461",75.5287341490282,68.3853231384511,"46Mol"
"471",79.0245164255109,59.0034097792262,"47Mol"
"481",82.5202987019936,49.6214964200014,"48Mol"
"491",86.0160809784762,40.2395830607765,"49Mol"
"501",98.987595747776,34.3188402723266,"50Mol"
"511",95.4918134712933,43.7007536315515,"51Mol"
"521",91.9960311948107,53.0826669907763,"52Mol"
"531",88.500248918328,62.4645803500011,"53Mol"
"541",85.0044666418453,71.846493709226,"54Mol"
"551",81.5086843653626,81.2284070684508,"55Mol"
"561",78.0129020888799,90.6103204276757,"56Mol"
"571",74.5171198123973,99.9922337869005,"57Mol"
"581",71.0213375359146,109.374147146125,"58Mol"
"591",80.4970700287317,112.8353177169,"59Mol"
"601",83.9928523052143,103.453404357675,"60Mol"
"611",87.488634581697,94.0714909984506,"61Mol"
"621",90.9844168581797,84.6895776392258,"62Mol"
"631",94.4801991346624,75.3076642800009,"63Mol"
"641",97.9759814111451,65.9257509207761,"64Mol"
"651",101.471763687628,56.5438375615512,"65Mol"
"661",104.96754596411,47.1619242023264,"66Mol"
"671",108.463328240593,37.7800108431016,"67Mol"
"681",117.93906073341,41.2411814138765,"68Mol"
"691",114.443278456928,50.6230947731013,"69Mol"
"701",110.947496180445,60.0050081323262,"70Mol"
"711",107.451713903962,69.386921491551,"71Mol"
"721",103.955931627479,78.7688348507759,"72Mol"
"731",100.460149350997,88.1507482100007,"73Mol"
"741",96.9643670745141,97.5326615692255,"74Mol"
"75",93.4685847980314,106.91457492845,"75Mol"
"76",89.9728025215487,116.296488287675,"76Mol"
"77",99.4485350143658,119.75765885845,"77Mol"
"78",102.944317290849,110.375745499225,"78Mol"
"79",106.440099567331,100.99383214,"79Mol"
"80",109.935881843814,91.6119187807756,"80Mol"
"81",113.431664120297,82.2300054215508,"81Mol"
"82",116.927446396779,72.8480920623259,"82Mol"
"83",120.423228673262,63.4661787031011,"83Mol"
"84",123.919010949745,54.0842653438763,"84Mol"
"85",127.414793226227,44.7023519846514,"85Mol"
"86",129.898961166079,66.927349273876,"86Mol"
"87",126.403178889596,76.3092626331009,"87Mol"
"88",122.907396613114,85.6911759923257,"88Mol"
"89",119.411614336631,95.0730893515505,"89Mol"
"90",115.915832060148,104.455002710775,"90Mol"
"91",112.420049783666,113.83691607,"91Mol"
"92",108.924267507183,123.218829429225,"92Mol"
"93",118.4,126.68,"93Mol"
"94",121.895782276483,117.298086640775,"94Mol"
"112",490785.97195552,5429484.47718118,"1Pla"
"212",490792.466436003,5429476.87312152,"2Pla"
"312",490798.960916486,5429469.26906187,"3Pla"
"412",490805.455396969,5429461.66500221,"4Pla"
"512",490817.334778763,5429432.35834276,"5Pla"
"612",490810.84029828,5429439.96240242,"6Pla"
"712",490804.345817797,5429447.56646207,"7Pla"
"811",490797.851337313,5429455.17052173,"8Pla"
"911",490791.35685683,5429462.77458138,"9Pla"
"109",490784.862376347,5429470.37864104,"10Pla"
"113",490778.367895863,5429477.9827007,"11Pla"
"122",490770.763836208,5429471.48822021,"12Pla"
"132",490777.258316691,5429463.88416056,"13Pla"
"142",490783.752797174,5429456.2801009,"14Pla"
"152",490790.247277657,5429448.67604125,"15Pla"
"162",490796.741758141,5429441.07198159,"16Pla"
"172",490803.236238624,5429433.46792193,"17Pla"
"182",490809.730719107,5429425.86386228,"18Pla"
"192",490816.225199591,5429418.25980262,"19Pla"
"202",490822.719680074,5429410.65574296,"20Pla"
"213",490821.610100901,5429396.55720283,"21Pla"
"222",490815.115620418,5429404.16126248,"22Pla"
"232",490808.621139935,5429411.76532214,"23Pla"
"242",490802.126659451,5429419.36938179,"24Pla"
"252",490795.632178968,5429426.97344145,"25Pla"
"262",490789.137698485,5429434.57750111,"26Pla"
"272",490782.643218001,5429442.18156076,"27Pla"
"282",490776.148737518,5429449.78562042,"28Pla"
"292",490769.654257035,5429457.38968007,"29Pla"
"302",490763.159776551,5429464.99373973,"30Pla"
"313",490755.555716895,5429458.49925925,"31Pla"
"322",490762.050197379,5429450.89519959,"32Pla"
"332",490768.544677862,5429443.29113994,"33Pla"
"342",490775.039158345,5429435.68708028,"34Pla"
"352",490781.533638829,5429428.08302062,"35Pla"
"362",490788.028119312,5429420.47896097,"36Pla"
"372",490794.522599795,5429412.87490131,"37Pla"
"382",490801.017080279,5429405.27084165,"38Pla"
"392",490807.511560762,5429397.666782,"39Pla"
"402",490806.401981589,5429383.56824186,"40Pla"
"413",490799.907501106,5429391.17230152,"41Pla"
"422",490793.413020623,5429398.77636117,"42Pla"
"432",490786.918540139,5429406.38042083,"43Pla"
"442",490780.424059656,5429413.98448048,"44Pla"
"452",490773.929579173,5429421.58854014,"45Pla"
"462",490767.435098689,5429429.1925998,"46Pla"
"472",490760.940618206,5429436.79665945,"47Pla"
"482",490754.446137723,5429444.40071911,"48Pla"
"492",490747.951657239,5429452.00477876,"49Pla"
"502",490740.347597583,5429445.51029828,"50Pla"
"513",490746.842078067,5429437.90623862,"51Pla"
"522",490753.33655855,5429430.30217897,"52Pla"
"532",490759.831039033,5429422.69811931,"53Pla"
"542",490766.325519517,5429415.09405966,"54Pla"
"552",490772.82,5429407.49,"55Pla"
"562",490779.314480483,5429399.88594034,"56Pla"
"572",490785.808960967,5429392.28188069,"57Pla"
"582",490792.30344145,5429384.67782103,"58Pla"
"592",490798.797921933,5429377.07376138,"59Pla"
"602",490791.193862277,5429370.57928089,"60Pla"
"613",490784.699381794,5429378.18334055,"61Pla"
"622",490778.204901311,5429385.7874002,"62Pla"
"632",490771.710420827,5429393.39145986,"63Pla"
"642",490765.215940344,5429400.99551952,"64Pla"
"652",490758.721459861,5429408.59957917,"65Pla"
"662",490752.226979377,5429416.20363883,"66Pla"
"672",490745.732498894,5429423.80769849,"67Pla"
"682",490739.238018411,5429431.41175814,"68Pla"
"692",490732.743537928,5429439.0158178,"69Pla"
"702",490726.249057444,5429446.61987745,"70Pla"
"713",490744.622919721,5429409.70915835,"71Pla"
"722",490751.117400205,5429402.10509869,"72Pla"
"732",490757.611880688,5429394.50103903,"73Pla"
"742",490764.106361171,5429386.89697938,"74Pla"
"751",490770.600841655,5429379.29291972,"75Pla"
"761",490777.095322138,5429371.68886007,"76Pla"
"771",490783.589802621,5429364.08480041,"77Pla"
"114",509094.513813663,5591936.09756648,"1Sch"
"214",509096.280004584,5591945.86599177,"2Sch"
"314",509098.046195505,5591955.63441705,"3Sch"
"414",509099.812386427,5591965.40284234,"4Sch"
"514",509101.578577348,5591975.17126762,"5Sch"
"614",509103.344768269,5591984.93969291,"6Sch"
"714",509105.11095919,5591994.7081182,"7Sch"
"812",509106.877150111,5592004.47654348,"8Sch"
"912",509108.643341033,5592014.24496877,"9Sch"
"1010",509110.409531954,5592024.01339405,"10Sch"
"115",509112.175722875,5592033.78181934,"11Sch"
"123",509102.504981842,5592035.56585057,"12Sch"
"133",509100.738790921,5592025.79742529,"13Sch"
"143",509098.9726,5592016.029,"14Sch"
"153",509097.206409079,5592006.26057471,"15Sch"
"163",509095.440218158,5591996.49214943,"16Sch"
"173",509093.674027236,5591986.72372414,"17Sch"
"183",509091.907836315,5591976.95529886,"18Sch"
"193",509090.141645394,5591967.18687357,"19Sch"
"203",509088.375454473,5591957.41844829,"20Sch"
"215",509086.609263552,5591947.650023,"21Sch"
"223",509084.84307263,5591937.88159772,"22Sch"
"233",509075.172331598,5591939.66562895,"23Sch"
"243",509076.938522519,5591949.43405424,"24Sch"
"253",509078.70471344,5591959.20247952,"25Sch"
"263",509080.470904361,5591968.97090481,"26Sch"
"273",509082.237095283,5591978.73933009,"27Sch"
"283",509084.003286204,5591988.50775538,"28Sch"
"293",509085.769477125,5591998.27618066,"29Sch"
"303",509087.535668046,5592008.04460595,"30Sch"
"315",509089.301858967,5592017.81303123,"31Sch"
"323",509091.068049889,5592027.58145652,"32Sch"
"333",509092.83424081,5592037.3498818,"33Sch"
"343",509074.332545171,5591990.29178661,"34Sch"
"353",509072.56635425,5591980.52336133,"35Sch"
"363",509070.800163329,5591970.75493604,"36Sch"
"373",509069.033972408,5591960.98651075,"37Sch"
"383",509067.267781486,5591951.21808547,"38Sch"
"393",509065.501590565,5591941.44966018,"39Sch"
"403",509055.830849533,5591943.23369142,"40Sch"
"415",509064.661804139,5591992.07581784,"41Sch"
"423",509066.42799506,5592001.84424313,"42Sch"
"433",509058.523444948,5592013.39669965,"43Sch"
"443",509056.757254027,5592003.62827436,"44Sch"
"453",509054.991063106,5591993.85984908,"45Sch"
"463",509053.224872185,5591984.09142379,"46Sch"
"473",509051.458681263,5591974.32299851,"47Sch"
"483",509049.692490342,5591964.55457322,"48Sch"
"493",509047.926299421,5591954.78614794,"49Sch"
"503",509046.1601085,5591945.01772265,"50Sch"
"515",509036.489367467,5591946.80175388,"51Sch"
"523",509038.255558389,5591956.57017917,"52Sch"
"533",509040.02174931,5591966.33860445,"53Sch"
"543",509041.787940231,5591976.10702974,"54Sch"
"553",509043.554131152,5591985.87545503,"55Sch"
"563",509045.320322073,5591995.64388031,"56Sch"
"573",509047.086512995,5592005.4123056,"57Sch"
"583",509048.852703916,5592015.18073088,"58Sch"
"593",509039.181962883,5592016.96476212,"59Sch"
"603",509037.415771962,5592007.19633683,"60Sch"
"615",509035.649581041,5591997.42791155,"61Sch"
"623",509033.88339012,5591987.65948626,"62Sch"
"633",509032.117199198,5591977.89106097,"63Sch"
"643",509030.351008277,5591968.12263569,"64Sch"
"653",509028.584817356,5591958.3542104,"65Sch"
"663",509026.818626435,5591948.58578512,"66Sch"
"673",509017.147885402,5591950.36981635,"67Sch"
"683",509018.914076323,5591960.13824164,"68Sch"
"693",509020.680267244,5591969.90666692,"69Sch"
"703",509022.446458166,5591979.67509221,"70Sch"
"715",509024.212649087,5591989.44351749,"71Sch"
"723",509025.978840008,5591999.21194278,"72Sch"
"733",509027.745030929,5592008.98036806,"73Sch"
"743",509029.51122185,5592018.74879335,"74Sch"
"752",509019.840480818,5592020.53282458,"75Sch"
"762",509018.074289897,5592010.7643993,"76Sch"
"772",509016.308098976,5592000.99597401,"77Sch"
"781",509014.541908054,5591991.22754873,"78Sch"
"791",508999.572594258,5591963.7063041,"79Sch"
"801",509001.338785179,5591973.47472939,"80Sch"
"813",509003.1049761,5591983.24315467,"81Sch"
"821",509004.871167022,5591993.01157996,"82Sch"
"831",509006.637357943,5592002.78000525,"83Sch"
"841",509008.403548864,5592012.54843053,"84Sch"
"851",509010.169739785,5592022.31685582,"85Sch"
"861",509011.935930706,5592032.0852811,"86Sch"
"871",509002.265189674,5592033.86931234,"87Sch"
"881",509000.498998753,5592024.10088705,"88Sch"
"891",508998.732807831,5592014.33246177,"89Sch"
"901",508996.96661691,5592004.56403648,"90Sch"
"913",508995.200425989,5591994.79561119,"91Sch"
"921",508993.434235068,5591985.02718591,"92Sch"
"931",508991.668044147,5591975.25876062,"93Sch"
"941",508981.997303114,5591977.04279186,"94Sch"
"95",508983.763494035,5591986.81121714,"95Sch"
"96",508985.529684956,5591996.57964243,"96Sch"
"97",508987.295875878,5592006.34806771,"97Sch"
"98",508989.062066799,5592016.116493,"98Sch"
"99",508990.82825772,5592025.88491828,"99Sch"
"100",508992.594448641,5592035.65334357,"100Sch"
"101",508982.923707609,5592037.4373748,"101Sch"
"102",508981.157516687,5592027.66894952,"102Sch"
"103",508979.391325766,5592017.90052423,"103Sch"
"104",508977.625134845,5592008.13209895,"104Sch"
"105",508975.858943924,5591998.36367366,"105Sch"
"106",508974.092753003,5591988.59524838,"106Sch"
"107",508972.326562081,5591978.82682309,"107Sch"
"116",402138.530943772,5342614.70167521,"1Wei"
"216",402117.242799544,5342620.35211017,"2Wei"
"316",402126.888144228,5342622.34956503,"3Wei"
"416",402136.533488913,5342624.34701989,"4Wei"
"516",402146.178833598,5342626.34447475,"5Wei"
"616",402144.181378738,5342635.98981944,"6Wei"
"716",402134.536034054,5342633.99236458,"7Wei"
"814",402124.890689369,5342631.99490972,"8Wei"
"914",402115.245344685,5342629.99745486,"9Wei"
"1011",402105.6,5342628,"10Wei"
"117",402093.957200456,5342635.64788983,"11Wei"
"124",402103.602545141,5342637.64534468,"12Wei"
"134",402113.247889825,5342639.64279954,"13Wei"
"144",402122.89323451,5342641.6402544,"14Wei"
"154",402132.538579195,5342643.63770926,"15Wei"
"164",402142.183923879,5342645.63516412,"16Wei"
"174",402140.18646902,5342655.28050881,"17Wei"
"184",402130.541124335,5342653.28305395,"18Wei"
"194",402120.895779651,5342651.28559909,"19Wei"
"204",402111.250434966,5342649.28814423,"20Wei"
"217",402101.605090281,5342647.29068937,"21Wei"
"224",402091.959745597,5342645.29323451,"22Wei"
"234",402080.316946053,5342652.94112433,"23Wei"
"244",402089.962290738,5342654.93857919,"24Wei"
"254",402099.607635422,5342656.93603405,"25Wei"
"264",402109.252980107,5342658.93348891,"26Wei"
"274",402118.898324791,5342660.93094377,"27Wei"
"284",402128.543669476,5342662.92839863,"28Wei"
"294",402138.189014161,5342664.92585349,"29Wei"
"304",402136.191559301,5342674.57119818,"30Wei"
"317",402126.546214617,5342672.57374332,"31Wei"
"324",402116.900869932,5342670.57628846,"32Wei"
"334",402107.255525248,5342668.5788336,"33Wei"
"344",402097.610180563,5342666.58137874,"34Wei"
"354",402087.964835878,5342664.58392388,"35Wei"
"364",402078.319491194,5342662.58646902,"36Wei"
"374",402076.322036334,5342672.2318137,"37Wei"
"384",402085.967381019,5342674.22926856,"38Wei"
"394",402095.612725704,5342676.22672342,"39Wei"
"404",402105.258070388,5342678.22417828,"40Wei"
"417",402114.903415073,5342680.22163314,"41Wei"
"424",402124.548759758,5342682.219088,"42Wei"
"434",402134.194104442,5342684.21654286,"43Wei"
"444",402143.839449127,5342686.21399772,"44Wei"
"454",402141.841994268,5342695.8593424,"45Wei"
"464",402132.196649583,5342693.86188755,"46Wei"
"474",402122.551304898,5342691.86443269,"47Wei"
"484",402112.905960214,5342689.86697783,"48Wei"
"494",402103.260615529,5342687.86952297,"49Wei"
"504",402093.615270844,5342685.87206811,"50Wei"
"517",402083.96992616,5342683.87461325,"51Wei"
"524",402074.324581475,5342681.87715839,"52Wei"
"534",402072.327126616,5342691.52250307,"53Wei"
"544",402081.972471301,5342693.51995793,"54Wei"
"554",402091.617815985,5342695.51741279,"55Wei"
"564",402101.26316067,5342697.51486765,"56Wei"
"574",402110.908505354,5342699.51232251,"57Wei"
"584",402120.553850039,5342701.50977737,"58Wei"
"594",402130.199194724,5342703.50723223,"59Wei"
"604",402118.55639518,5342711.15512205,"60Wei"
"617",402108.911050495,5342709.1576672,"61Wei"
"624",402099.265705811,5342707.16021234,"62Wei"
"634",402089.620361126,5342705.16275748,"63Wei"
"644",402079.975016441,5342703.16530262,"64Wei"
"654",402077.977561582,5342712.8106473,"65Wei"
"664",402087.622906267,5342714.80810216,"66Wei"
"674",402097.268250951,5342716.80555702,"67Wei"
"684",402095.270796092,5342726.45090171,"68Wei"
"694",402085.625451407,5342724.45344685,"69Wei"
"704",402075.980106723,5342722.45599199,"70Wei"
"717",402073.982651863,5342732.10133667,"71Wei"
"724",402083.627996548,5342734.09879153,"72Wei"
"118",660597.194399721,5654736.11817248,"1Ett"
"218",660596.569634052,5654726.1379052,"2Ett"
"318",660595.944868383,5654716.15763791,"3Ett"
"418",660595.320102713,5654706.17737063,"4Ett"
"518",660594.695337044,5654696.19710334,"5Ett"
"618",660594.070571375,5654686.21683606,"6Ett"
"718",660593.445805706,5654676.23656877,"7Ett"
"815",660603.376171653,5654675.60866358,"8Ett"
"915",660604.000937323,5654685.58893086,"9Ett"
"1012",660604.625702992,5654695.56919815,"10Ett"
"119",660605.250468661,5654705.54946543,"11Ett"
"125",660605.875234331,5654715.52973272,"12Ett"
"135",660606.5,5654725.51,"13Ett"
"145",660607.124765669,5654735.49026728,"14Ett"
"155",660617.055131617,5654734.86236209,"15Ett"
"165",660616.430365948,5654724.8820948,"16Ett"
"175",660615.805600279,5654714.90182752,"17Ett"
"185",660615.180834609,5654704.92156024,"18Ett"
"195",660614.55606894,5654694.94129295,"19Ett"
"205",660613.931303271,5654684.96102567,"20Ett"
"219",660613.306537601,5654674.98075838,"21Ett"
"225",660623.236903549,5654674.35285319,"22Ett"
"235",660623.861669219,5654684.33312047,"23Ett"
"245",660624.486434888,5654694.31338776,"24Ett"
"255",660625.111200557,5654704.29365504,"25Ett"
"265",660625.735966226,5654714.27392233,"26Ett"
"275",660626.360731896,5654724.25418961,"27Ett"
"285",660626.985497565,5654734.23445689,"28Ett"
"295",660636.915863513,5654733.6065517,"29Ett"
"305",660636.291097844,5654723.62628441,"30Ett"
"319",660635.666332174,5654713.64601713,"31Ett"
"325",660635.041566505,5654703.66574985,"32Ett"
"335",660634.416800836,5654693.68548256,"33Ett"
"345",660633.792035166,5654683.70521528,"34Ett"
"355",660633.167269497,5654673.72494799,"35Ett"
"365",660643.097635445,5654673.0970428,"36Ett"
"375",660643.722401114,5654683.07731008,"37Ett"
"385",660644.347166784,5654693.05757737,"38Ett"
"395",660644.971932453,5654703.03784465,"39Ett"
"405",660645.596698122,5654713.01811193,"40Ett"
"419",660646.221463791,5654722.99837922,"41Ett"
"425",660646.846229461,5654732.9786465,"42Ett"
"435",660656.776595409,5654732.35074131,"43Ett"
"445",660656.151829739,5654722.37047402,"44Ett"
"455",660655.52706407,5654712.39020674,"45Ett"
"465",660654.902298401,5654702.40993945,"46Ett"
"475",660654.277532731,5654692.42967217,"47Ett"
"485",660653.652767062,5654682.44940489,"48Ett"
"495",660653.028001393,5654672.4691376,"49Ett"
"505",660652.403235723,5654662.48887032,"50Ett"
"519",660661.708836002,5654651.88069784,"51Ett"
"525",660662.333601671,5654661.86096512,"52Ett"
"535",660662.958367341,5654671.84123241,"53Ett"
"545",660663.58313301,5654681.82149969,"54Ett"
"555",660664.207898679,5654691.80176698,"55Ett"
"565",660664.832664349,5654701.78203426,"56Ett"
"575",660665.457430018,5654711.76230154,"57Ett"
"585",660675.387795966,5654711.13439635,"58Ett"
"595",660674.763030296,5654701.15412906,"59Ett"
"605",660674.138264627,5654691.17386178,"60Ett"
"619",660673.513498958,5654681.1935945,"61Ett"
"625",660672.888733288,5654671.21332721,"62Ett"
"635",660672.263967619,5654661.23305993,"63Ett"
"645",660671.63920195,5654651.25279264,"64Ett"
"655",660681.569567898,5654650.62488745,"65Ett"
"665",660682.194333567,5654660.60515473,"66Ett"
"675",660682.819099236,5654670.58542202,"67Ett"
"685",660683.443864906,5654680.5656893,"68Ett"
"695",660684.068630575,5654690.54595658,"69Ett"
"705",660684.693396244,5654700.52622387,"70Ett"
"719",660685.318161914,5654710.50649115,"71Ett"
"725",660695.248527861,5654709.87858596,"72Ett"
"734",660694.623762192,5654699.89831867,"73Ett"
"744",660693.998996523,5654689.91805139,"74Ett"
"753",660693.374230854,5654679.93778411,"75Ett"
"763",660692.749465184,5654669.95751682,"76Ett"
"773",660692.124699515,5654659.97724954,"77Ett"
"782",660691.499933846,5654649.99698225,"78Ett"
"792",660701.430299793,5654649.36907706,"79Ett"
"802",660702.055065463,5654659.34934434,"80Ett"
"816",660702.679831132,5654669.32961163,"81Ett"
"822",660703.304596801,5654679.30987891,"82Ett"
"832",660703.929362471,5654689.29014619,"83Ett"
"842",660704.55412814,5654699.27041348,"84Ett"
"852",660705.178893809,5654709.25068076,"85Ett"
"862",660715.109259757,5654708.62277557,"86Ett"
"872",660714.484494088,5654698.64250828,"87Ett"
"882",660713.859728419,5654688.662241,"88Ett"
"892",660713.234962749,5654678.68197371,"89Ett"
"902",660712.61019708,5654668.70170643,"90Ett"
"916",660711.98543141,5654658.72143915,"91Ett"
"922",660711.360665741,5654648.74117186,"92Ett"
"932",660721.291031689,5654648.11326667,"93Ett"
"942",660721.915797358,5654658.09353395,"94Ett"
"951",660722.540563028,5654668.07380124,"95Ett"
"961",660723.165328697,5654678.05406852,"96Ett"
"971",660723.790094366,5654688.0343358,"97Ett"
"981",660724.414860036,5654698.01460309,"98Ett"
"991",660725.039625705,5654707.99487037,"99Ett"
"120",791176.92138508,6000238.78128953,"1Gre"
"220",791185.191994674,6000233.71305345,"2Gre"
"320",791193.462604268,6000228.64481737,"3Gre"
"420",791201.733213862,6000223.5765813,"4Gre"
"520",791210.003823456,6000218.50834522,"5Gre"
"620",791218.274433051,6000213.44010914,"6Gre"
"720",791226.545042645,6000208.37187306,"7Gre"
"817",791234.815652239,6000203.30363698,"8Gre"
"917",791243.086261833,6000198.23540091,"9Gre"
"1013",791251.356871428,6000193.16716483,"10Gre"
"1110",791246.419169695,6000184.81796717,"11Gre"
"126",791238.148560101,6000189.88620324,"12Gre"
"136",791229.877950507,6000194.95443932,"13Gre"
"146",791221.607340912,6000200.0226754,"14Gre"
"156",791213.336731318,6000205.09091148,"15Gre"
"166",791205.066121724,6000210.15914756,"16Gre"
"176",791196.79551213,6000215.22738363,"17Gre"
"186",791188.524902535,6000220.29561971,"18Gre"
"196",791180.254292941,6000225.36385579,"19Gre"
"206",791171.983683347,6000230.43209187,"20Gre"
"2110",791167.045981614,6000222.08289421,"21Gre"
"226",791175.316591208,6000217.01465813,"22Gre"
"236",791183.587200803,6000211.94642205,"23Gre"
"246",791191.857810397,6000206.87818597,"24Gre"
"256",791200.128419991,6000201.80994989,"25Gre"
"266",791208.399029585,6000196.74171382,"26Gre"
"276",791216.669639179,6000191.67347774,"27Gre"
"286",791224.940248774,6000186.60524166,"28Gre"
"296",791233.210858368,6000181.53700558,"29Gre"
"306",791241.481467962,6000176.46876951,"30Gre"
"3110",791236.543766229,6000168.11957184,"31Gre"
"326",791228.273156635,6000173.18780792,"32Gre"
"336",791220.002547041,6000178.256044,"33Gre"
"346",791211.731937447,6000183.32428008,"34Gre"
"356",791203.461327852,6000188.39251615,"35Gre"
"366",791195.190718258,6000193.46075223,"36Gre"
"376",791186.920108664,6000198.52898831,"37Gre"
"386",791178.64949907,6000203.59722439,"38Gre"
"396",791170.378889475,6000208.66546046,"39Gre"
"406",791162.108279881,6000213.73369654,"40Gre"
"4110",791157.170578148,6000205.38449888,"41Gre"
"426",791165.441187743,6000200.3162628,"42Gre"
"436",791173.711797337,6000195.24802673,"43Gre"
"446",791181.982406931,6000190.17979065,"44Gre"
"456",791190.253016525,6000185.11155457,"45Gre"
"466",791198.52362612,6000180.04331849,"46Gre"
"476",791206.794235714,6000174.97508241,"47Gre"
"486",791215.064845308,6000169.90684634,"48Gre"
"496",791223.335454902,6000164.83861026,"49Gre"
"506",791231.606064497,6000159.77037418,"50Gre"
"5110",791218.39775317,6000156.4894126,"51Gre"
"526",791210.127143575,6000161.55764867,"52Gre"
"536",791201.856533981,6000166.62588475,"53Gre"
"546",791193.585924387,6000171.69412083,"54Gre"
"556",791185.315314793,6000176.76235691,"55Gre"
"566",791177.044705198,6000181.83059299,"56Gre"
"576",791168.774095604,6000186.89882906,"57Gre"
"586",791160.50348601,6000191.96706514,"58Gre"
"596",791152.232876416,6000197.03530122,"59Gre"
"606",791143.962266821,6000202.1035373,"60Gre"
"6110",791139.024565089,6000193.75433963,"61Gre"
"626",791147.295174683,6000188.68610356,"62Gre"
"636",791155.565784277,6000183.61786748,"63Gre"
"646",791163.836393871,6000178.5496314,"64Gre"
"656",791172.107003466,6000173.48139532,"65Gre"
"666",791180.37761306,6000168.41315925,"66Gre"
"676",791188.648222654,6000163.34492317,"67Gre"
"686",791196.918832248,6000158.27668709,"68Gre"
"696",791205.189441843,6000153.20845101,"69Gre"
"706",791213.460051437,6000148.14021493,"70Gre"
"7110",791208.522349704,6000139.79101727,"71Gre"
"726",791200.25174011,6000144.85925335,"72Gre"
"735",791191.981130515,6000149.92748943,"73Gre"
"745",791183.710520921,6000154.99572551,"74Gre"
"754",791175.439911327,6000160.06396158,"75Gre"
"764",791167.169301733,6000165.13219766,"76Gre"
"774",791158.898692139,6000170.20043374,"77Gre"
"783",791150.628082544,6000175.26866982,"78Gre"
"793",791142.35747295,6000180.33690589,"79Gre"
"803",791134.086863356,6000185.40514197,"80Gre"
"818",791129.149161623,6000177.05594431,"81Gre"
"823",791137.419771217,6000171.98770823,"82Gre"
"833",791145.690380812,6000166.91947216,"83Gre"
"843",791153.960990406,6000161.85123608,"84Gre"
"853",791162.2316,6000156.783,"85Gre"
"863",791170.502209594,6000151.71476392,"86Gre"
"873",791178.772819189,6000146.64652784,"87Gre"
"883",791187.043428783,6000141.57829177,"88Gre"
"893",791195.314038377,6000136.51005569,"89Gre"
"903",791203.584647971,6000131.44181961,"90Gre"
"918",791198.646946238,6000123.09262195,"91Gre"
"923",791190.376336644,6000128.16085803,"92Gre"
"933",791182.10572705,6000133.2290941,"93Gre"
"943",791173.835117456,6000138.29733018,"94Gre"
"952",791165.564507862,6000143.36556626,"95Gre"
"962",791157.293898267,6000148.43380234,"96Gre"
"972",791149.023288673,6000153.50203842,"97Gre"
"982",791140.752679079,6000158.57027449,"98Gre"
"992",791132.482069485,6000163.63851057,"99Gre"
"1001",791124.21145989,6000168.70674665,"100Gre"
"127",731403.244211283,5695273.95897656,"1Leu"
"227",731405.555320385,5695264.13804036,"2Leu"
"327",731407.866429487,5695254.31710417,"3Leu"
"427",731410.177538589,5695244.49616797,"4Leu"
"527",731412.488647691,5695234.67523178,"5Leu"
"627",731414.799756794,5695224.85429558,"6Leu"
"727",731417.110865896,5695215.03335938,"7Leu"
"819",731419.421974998,5695205.21242319,"8Leu"
"919",731421.7330841,5695195.39148699,"9Leu"
"1014",731424.044193202,5695185.5705508,"10Leu"
"1111",731433.670655414,5695187.92834897,"11Leu"
"128",731431.359546312,5695197.74928517,"12Leu"
"137",731429.04843721,5695207.57022136,"13Leu"
"147",731426.737328108,5695217.39115756,"14Leu"
"157",731424.426219006,5695227.21209375,"15Leu"
"167",731422.115109903,5695237.03302995,"16Leu"
"177",731419.804000801,5695246.85396615,"17Leu"
"187",731417.492891699,5695256.67490234,"18Leu"
"197",731415.181782597,5695266.49583854,"19Leu"
"207",731412.870673495,5695276.31677474,"20Leu"
"2111",731424.808244809,5695268.85363671,"21Leu"
"228",731427.119353911,5695259.03270052,"22Leu"
"237",731429.430463013,5695249.21176432,"23Leu"
"247",731431.741572115,5695239.39082813,"24Leu"
"257",731434.052681218,5695229.56989193,"25Leu"
"267",731436.36379032,5695219.74895573,"26Leu"
"277",731438.674899422,5695209.92801954,"27Leu"
"287",731440.986008524,5695200.10708334,"28Leu"
"297",731443.297117626,5695190.28614715,"29Leu"
"307",731445.608226728,5695180.46521095,"30Leu"
"3111",731455.23468894,5695182.82300912,"31Leu"
"328",731452.923579838,5695192.64394532,"32Leu"
"337",731450.612470736,5695202.46488152,"33Leu"
"347",731448.301361634,5695212.28581771,"34Leu"
"357",731445.990252532,5695222.10675391,"35Leu"
"367",731443.67914343,5695231.9276901,"36Leu"
"377",731441.368034327,5695241.7486263,"37Leu"
"387",731439.056925225,5695251.5695625,"38Leu"
"397",731436.745816123,5695261.39049869,"39Leu"
"407",731434.434707021,5695271.21143489,"40Leu"
"4111",731441.75006013,5695283.39016926,"41Leu"
"428",731444.061169233,5695273.56923306,"42Leu"
"437",731446.372278335,5695263.74829687,"43Leu"
"447",731448.683387437,5695253.92736067,"44Leu"
"457",731450.994496539,5695244.10642448,"45Leu"
"467",731453.305605641,5695234.28548828,"46Leu"
"477",731455.616714743,5695224.46455208,"47Leu"
"487",731457.927823846,5695214.64361589,"48Leu"
"497",731460.238932948,5695204.82267969,"49Leu"
"507",731462.55004205,5695195.0017435,"50Leu"
"5111",731464.861151152,5695185.1808073,"51Leu"
"528",731474.487613364,5695187.53860547,"52Leu"
"537",731472.176504262,5695197.35954167,"53Leu"
"547",731469.86539516,5695207.18047787,"54Leu"
"557",731467.554286058,5695217.00141406,"55Leu"
"567",731465.243176955,5695226.82235026,"56Leu"
"577",731462.932067853,5695236.64328645,"57Leu"
"587",731460.620958751,5695246.46422265,"58Leu"
"597",731458.309849649,5695256.28515885,"59Leu"
"607",731455.998740547,5695266.10609504,"60Leu"
"6111",731453.687631445,5695275.92703124,"61Leu"
"628",731451.376522342,5695285.74796744,"62Leu"
"637",731461.002984554,5695288.10576561,"63Leu"
"647",731463.314093656,5695278.28482941,"64Leu"
"657",731465.625202759,5695268.46389322,"65Leu"
"667",731467.936311861,5695258.64295702,"66Leu"
"677",731470.247420963,5695248.82202083,"67Leu"
"687",731472.558530065,5695239.00108463,"68Leu"
"697",731474.869639167,5695229.18014843,"69Leu"
"707",731477.18074827,5695219.35921224,"70Leu"
"7111",731479.491857372,5695209.53827604,"71Leu"
"728",731481.802966474,5695199.71733985,"72Leu"
"736",731484.114075576,5695189.89640365,"73Leu"
"746",731493.740537788,5695192.25420182,"74Leu"
"755",731491.429428686,5695202.07513802,"75Leu"
"765",731489.118319584,5695211.89607422,"76Leu"
"775",731486.807210481,5695221.71701041,"77Leu"
"784",731484.496101379,5695231.53794661,"78Leu"
"794",731482.184992277,5695241.3588828,"79Leu"
"804",731479.873883175,5695251.179819,"80Leu"
"8110",731477.562774073,5695261.0007552,"81Leu"
"824",731475.251664971,5695270.82169139,"82Leu"
"834",731472.940555868,5695280.64262759,"83Leu"
"844",731470.629446766,5695290.46356378,"84Leu"
"854",731480.255908978,5695292.82136196,"85Leu"
"864",731482.56701808,5695283.00042576,"86Leu"
"874",731484.878127183,5695273.17948957,"87Leu"
"884",731487.189236285,5695263.35855337,"88Leu"
"894",731489.500345387,5695253.53761718,"89Leu"
"904",731491.811454489,5695243.71668098,"90Leu"
"9110",731494.122563591,5695233.89574478,"91Leu"
"924",731496.433672693,5695224.07480859,"92Leu"
"934",731498.744781796,5695214.25387239,"93Leu"
"944",731501.055890898,5695204.4329362,"94Leu"
"953",731503.367,5695194.612,"95Leu"
"129",830931.771895401,5904475.04497168,"1Ste"
"229",830928.831492149,5904465.29588293,"2Ste"
"329",830925.891088897,5904455.54679418,"3Ste"
"429",830922.950685644,5904445.79770543,"4Ste"
"529",830920.010282392,5904436.04861668,"5Ste"
"629",830917.06987914,5904426.29952793,"6Ste"
"729",830914.129475887,5904416.55043917,"7Ste"
"820",830911.189072635,5904406.80135042,"8Ste"
"920",830915.05,5904385,"9Ste"
"1015",830917.990403252,5904394.74908875,"10Ste"
"1112",830920.930806505,5904404.4981775,"11Ste"
"1210",830923.871209757,5904414.24726625,"12Ste"
"138",830926.811613009,5904423.996355,"13Ste"
"148",830929.752016262,5904433.74544375,"14Ste"
"158",830932.692419514,5904443.49453251,"15Ste"
"168",830935.632822766,5904453.24362126,"16Ste"
"178",830938.573226019,5904462.99271001,"17Ste"
"188",830941.513629271,5904472.74179876,"18Ste"
"198",830951.255363141,5904470.43862584,"19Ste"
"208",830948.314959888,5904460.68953709,"20Ste"
"2112",830945.374556636,5904450.94044833,"21Ste"
"2210",830942.434153384,5904441.19135958,"22Ste"
"238",830939.493750131,5904431.44227083,"23Ste"
"248",830936.553346879,5904421.69318208,"24Ste"
"258",830933.612943627,5904411.94409333,"25Ste"
"268",830930.672540374,5904402.19500458,"26Ste"
"278",830927.732137122,5904392.44591583,"27Ste"
"288",830924.79173387,5904382.69682708,"28Ste"
"298",830934.533467739,5904380.39365416,"29Ste"
"308",830937.473870992,5904390.14274291,"30Ste"
"3112",830940.414274244,5904399.89183166,"31Ste"
"3210",830943.354677496,5904409.64092041,"32Ste"
"338",830946.295080749,5904419.39000916,"33Ste"
"348",830949.235484001,5904429.13909791,"34Ste"
"358",830952.175887253,5904438.88818666,"35Ste"
"368",830955.116290506,5904448.63727541,"36Ste"
"378",830958.056693758,5904458.38636416,"37Ste"
"388",830960.99709701,5904468.13545291,"38Ste"
"398",830970.73883088,5904465.83227999,"39Ste"
"408",830967.798427628,5904456.08319124,"40Ste"
"4112",830964.858024375,5904446.33410249,"41Ste"
"4210",830961.917621123,5904436.58501374,"42Ste"
"438",830958.977217871,5904426.83592499,"43Ste"
"448",830956.036814618,5904417.08683624,"44Ste"
"458",830953.096411366,5904407.33774749,"45Ste"
"468",830950.156008114,5904397.58865874,"46Ste"
"478",830947.215604861,5904387.83956998,"47Ste"
"488",830944.275201609,5904378.09048123,"48Ste"
"498",830954.016935479,5904375.78730831,"49Ste"
"508",830956.957338731,5904385.53639706,"50Ste"
"5112",830959.897741984,5904395.28548581,"51Ste"
"5210",830962.838145236,5904405.03457456,"52Ste"
"538",830965.778548488,5904414.78366332,"53Ste"
"548",830968.718951741,5904424.53275207,"54Ste"
"558",830971.659354993,5904434.28184082,"55Ste"
"568",830974.599758245,5904444.03092957,"56Ste"
"578",830977.540161497,5904453.78001832,"57Ste"
"588",830980.48056475,5904463.52910707,"58Ste"
"598",830993.162701872,5904470.9750229,"59Ste"
"608",830990.222298619,5904461.22593415,"60Ste"
"6112",830987.281895367,5904451.4768454,"61Ste"
"6210",830984.341492115,5904441.72775665,"62Ste"
"638",830981.401088862,5904431.9786679,"63Ste"
"648",830978.46068561,5904422.22957914,"64Ste"
"658",830975.520282358,5904412.48049039,"65Ste"
"668",830972.579879106,5904402.73140164,"66Ste"
"678",830969.639475853,5904392.98231289,"67Ste"
"688",830966.699072601,5904383.23322414,"68Ste"
"698",830963.758669349,5904373.48413539,"69Ste"
"708",830973.500403218,5904371.18096247,"70Ste"
"7112",830976.440806471,5904380.93005122,"71Ste"
"7210",830979.381209723,5904390.67913997,"72Ste"
"737",830982.321612975,5904400.42822872,"73Ste"
"747",830985.262016227,5904410.17731747,"74Ste"
"756",830988.20241948,5904419.92640622,"75Ste"
"766",830991.142822732,5904429.67549497,"76Ste"
"776",830994.083225984,5904439.42458372,"77Ste"
"785",830997.023629237,5904449.17367247,"78Ste"
"795",830999.964032489,5904458.92276123,"79Ste"
"805",831002.904435741,5904468.67184998,"80Ste"
"8111",831012.646169611,5904466.36867706,"81Ste"
"825",831009.705766359,5904456.6195883,"82Ste"
"835",831006.765363107,5904446.87049955,"83Ste"
"845",831003.824959854,5904437.1214108,"84Ste"
"855",831000.884556602,5904427.37232205,"85Ste"
"865",830997.94415335,5904417.6232333,"86Ste"
"875",830995.003750097,5904407.87414455,"87Ste"
"885",830992.063346845,5904398.1250558,"88Ste"
"895",830989.122943593,5904388.37596705,"89Ste"
"905",830986.18254034,5904378.6268783,"90Ste"
